[{"stream_name":"stdout","time":1.395801386,"data":"Found STP file: /kaggle/input/datasets/cipheroot/baja-stp-files/assembly.stp\n"}
,{"stream_name":"stdout","time":1.395934324,"data":"Installing FreeCAD and Node.js...\n"}
,{"stream_name":"stdout","time":2.002549245,"data":"Get:1 https://cloud.r-project.org/bin/linux/ubuntu jammy-cran40/ InRelease [3,632 B]\n"}
,{"stream_name":"stdout","time":2.00257763,"data":"Get:2 https://cli.github.com/packages stable InRelease [3,917 B]\n"}
,{"stream_name":"stdout","time":2.172082836,"data":"Hit:3 http://archive.ubuntu.com/ubuntu jammy InRelease\n"}
,{"stream_name":"stdout","time":2.172706192,"data":"Get:4 https://r2u.stat.illinois.edu/ubuntu jammy InRelease [6,555 B]\n"}
,{"stream_name":"stdout","time":2.176729708,"data":"Get:5 http://security.ubuntu.com/ubuntu jammy-security InRelease [129 kB]\n"}
,{"stream_name":"stdout","time":2.2760465610000002,"data":"Get:6 https://cloud.r-project.org/bin/linux/ubuntu jammy-cran40/ Packages [114 kB]\n"}
,{"stream_name":"stdout","time":2.308230116,"data":"Get:7 http://archive.ubuntu.com/ubuntu jammy-updates InRelease [128 kB]\n"}
,{"stream_name":"stdout","time":2.373059907,"data":"Get:8 https://cli.github.com/packages stable/main amd64 Packages [359 B]\n"}
,{"stream_name":"stdout","time":2.563158446,"data":"Get:9 https://ppa.launchpadcontent.net/deadsnakes/ppa/ubuntu jammy InRelease [18.1 kB]\n"}
,{"stream_name":"stdout","time":2.754242771,"data":"Get:10 https://r2u.stat.illinois.edu/ubuntu jammy/main amd64 Packages [3,242 kB]\n"}
,{"stream_name":"stdout","time":2.795717982,"data":"Hit:11 https://ppa.launchpadcontent.net/ubuntugis/ppa/ubuntu jammy InRelease\n"}
,{"stream_name":"stdout","time":2.887564835,"data":"Get:12 http://archive.ubuntu.com/ubuntu jammy-backports InRelease [127 kB]\n"}
,{"stream_name":"stdout","time":2.933413157,"data":"Get:13 http://security.ubuntu.com/ubuntu jammy-security/multiverse amd64 Packages [84.6 kB]\n"}
,{"stream_name":"stdout","time":3.104729047,"data":"Get:14 https://ppa.launchpadcontent.net/deadsnakes/ppa/ubuntu jammy/main amd64 Packages [49.0 kB]\n"}
,{"stream_name":"stdout","time":3.137921885,"data":"Get:15 http://security.ubuntu.com/ubuntu jammy-security/universe amd64 Packages [1,321 kB]\n"}
,{"stream_name":"stdout","time":3.158767832,"data":"Get:16 https://r2u.stat.illinois.edu/ubuntu jammy/main all Packages [11.0 MB]\n"}
,{"stream_name":"stdout","time":3.240092748,"data":"Get:17 http://archive.ubuntu.com/ubuntu jammy-updates/universe amd64 Packages [1,623 kB]\n"}
,{"stream_name":"stdout","time":3.634502217,"data":"Get:18 http://security.ubuntu.com/ubuntu jammy-security/main amd64 Packages [4,355 kB]\n"}
,{"stream_name":"stdout","time":3.8660253879999997,"data":"Get:19 http://archive.ubuntu.com/ubuntu jammy-updates/multiverse amd64 Packages [93.2 kB]\n"}
,{"stream_name":"stdout","time":3.870724248,"data":"Get:20 http://archive.ubuntu.com/ubuntu jammy-updates/restricted amd64 Packages [8,124 kB]\n"}
,{"stream_name":"stdout","time":3.919248092,"data":"Get:21 http://security.ubuntu.com/ubuntu jammy-security/restricted amd64 Packages [7,819 kB]\n"}
,{"stream_name":"stdout","time":4.26391254,"data":"Get:22 http://archive.ubuntu.com/ubuntu jammy-updates/main amd64 Packages [4,698 kB]\n"}
,{"stream_name":"stdout","time":4.417991698,"data":"Get:23 http://archive.ubuntu.com/ubuntu jammy-backports/main amd64 Packages [82.9 kB]\n"}
,{"stream_name":"stdout","time":4.419226751,"data":"Get:24 http://archive.ubuntu.com/ubuntu jammy-backports/universe amd64 Packages [35.6 kB]\n"}
,{"stream_name":"stdout","time":6.081438898,"data":"Fetched 43.0 MB in 4s (10.6 MB/s)\n"}
,{"stream_name":"stdout","time":8.626613238000001,"data":"Reading package lists...\n"}
,{"stream_name":"stderr","time":8.654774276,"data":"W: Skipping acquire of configured file 'main/source/Sources' as repository 'https://r2u.stat.illinois.edu/ubuntu jammy InRelease' does not seem to provide it (sources.list entry misspelt?)\n"}
,{"stream_name":"stdout","time":10.941255234,"data":"Reading package lists...\n"}
,{"stream_name":"stdout","time":11.571936134,"data":"Building dependency tree...\n"}
,{"stream_name":"stdout","time":11.575368066,"data":"Reading state information...\n"}
,{"stream_name":"stdout","time":12.170320304,"data":"The following additional packages will be installed:\n"}
,{"stream_name":"stdout","time":12.17046099,"data":"  at-spi2-core avahi-daemon blt calculix-ccx fonts-dejavu-core fonts-lyx\n"}
,{"stream_name":"stdout","time":12.170532977,"data":"  freecad-common freecad-python3 geoclue-2.0 glib-networking\n"}
,{"stream_name":"stdout","time":12.170623129,"data":"  glib-networking-common glib-networking-services gsettings-desktop-schemas\n"}
,{"stream_name":"stdout","time":12.170879538,"data":"  gstreamer1.0-plugins-base gyp iio-sensor-proxy javascript-common\n"}
,{"stream_name":"stdout","time":12.170895445,"data":"  libatk-bridge2.0-0 libatk1.0-0 libatk1.0-data libatspi2.0-0 libavahi-core7\n"}
,{"stream_name":"stdout","time":12.170902502,"data":"  libavahi-glib1 libboost-program-options1.74.0 libboost-regex1.74.0\n"}
,{"stream_name":"stdout","time":12.170970231,"data":"  libboost-thread1.74.0 libc-ares2 libcdparanoia0 libclang1-14 libcoin80c\n"}
,{"stream_name":"stdout","time":12.171071187,"data":"  libdaemon0 libdouble-conversion3 libevdev2 libfreecad-python3-0.19\n"}
,{"stream_name":"stdout","time":12.171267054,"data":"  libfreeimage3 libgl2ps1.4 libglew2.2 libglu1-mesa\n"}
,{"stream_name":"stdout","time":12.171286118,"data":"  libgstreamer-plugins-base1.0-0 libgtk-3-0 libgtk-3-bin libgtk-3-common\n"}
,{"stream_name":"stdout","time":12.171295738,"data":"  libgudev-1.0-0 libhdf5-openmpi-103-1 libhyphen0 libimagequant0 libinput-bin\n"}
,{"stream_name":"stdout","time":12.171303244,"data":"  libinput10 libjs-events libjs-highlight.js libjs-inherits\n"}
,{"stream_name":"stdout","time":12.171309977,"data":"  libjs-is-typedarray libjs-psl libjs-source-map libjs-sphinxdoc\n"}
,{"stream_name":"stdout","time":12.171347381,"data":"  libjs-sprintf-js libjs-typedarray-to-buffer libjs-underscore\n"}
,{"stream_name":"stdout","time":12.171447341,"data":"  libjson-glib-1.0-0 libjson-glib-1.0-common liblbfgsb0 libllvm14\n"}
,{"stream_name":"stdout","time":12.17152639,"data":"  libmbim-glib4 libmbim-proxy libmd4c0 libmedc11 libmm-glib0 libmtdev1\n"}
,{"stream_name":"stdout","time":12.171582744,"data":"  libnl-genl-3-200 libnode-dev libnode72 libnotify-bin libnotify4 libnss-mdns\n"}
,{"stream_name":"stdout","time":12.171595223,"data":"  libocct-data-exchange-7.5 libocct-foundation-7.5\n"}
,{"stream_name":"stdout","time":12.171601172999999,"data":"  libocct-modeling-algorithms-7.5 libocct-modeling-data-7.5 libocct-ocaf-7.5\n"}
,{"stream_name":"stdout","time":12.171696758,"data":"  libocct-visualization-7.5 liborc-0.4-0 libpam-systemd libproxy1v5\n"}
,{"stream_name":"stdout","time":12.171716273,"data":"  libpyside2-py3-5.15 libpython3.10 libpython3.10-dev libpython3.10-minimal\n"}
,{"stream_name":"stdout","time":12.17172236,"data":"  libpython3.10-stdlib libqmi-glib5 libqmi-proxy libqt5concurrent5\n"}
,{"stream_name":"stdout","time":12.171728072,"data":"  libqt5core5a libqt5dbus5 libqt5gui5 libqt5network5 libqt5opengl5\n"}
,{"stream_name":"stdout","time":12.17173365,"data":"  libqt5positioning5 libqt5printsupport5 libqt5qml5 libqt5qmlmodels5\n"}
,{"stream_name":"stdout","time":12.171738927,"data":"  libqt5quick5 libqt5sensors5 libqt5svg5 libqt5webchannel5 libqt5webkit5\n"}
,{"stream_name":"stdout","time":12.172065779,"data":"  libqt5widgets5 libqt5xml5 libqt5xmlpatterns5 libraqm0 libraw20\n"}
,{"stream_name":"stdout","time":12.172081423,"data":"  libshiboken2-py3-5.15 libsoqt520 libsoup2.4-1 libsoup2.4-common libspnav0\n"}
,{"stream_name":"stdout","time":12.172148669,"data":"  libspooles2.2 libsystemd0 libtbb12 libtbb2 libtbbmalloc2 libudev1 libuv1-dev\n"}
,{"stream_name":"stdout","time":12.172198304,"data":"  libvisual-0.4-0 libvtk9.1 libwacom-bin libwacom-common libwacom9 libwoff1\n"}
,{"stream_name":"stdout","time":12.172206468,"data":"  libxcb-icccm4 libxcb-image0 libxcb-keysyms1 libxcb-render-util0 libxcb-util1\n"}
,{"stream_name":"stdout","time":12.172211249,"data":"  libxcb-xinerama0 libxcb-xinput0 libxcb-xkb1 libxcomposite1\n"}
,{"stream_name":"stdout","time":12.173334838,"data":"  libxkbcommon-x11-0 libxsimd-dev libxtst6 libzipios++0v5 modemmanager\n"}
,{"stream_name":"stdout","time":12.173354149,"data":"  node-abab node-abbrev node-agent-base node-ansi-regex node-ansi-styles\n"}
,{"stream_name":"stdout","time":12.173358067,"data":"  node-ansistyles node-aproba node-archy node-are-we-there-yet node-argparse\n"}
,{"stream_name":"stdout","time":12.173361676,"data":"  node-arrify node-asap node-asynckit node-balanced-match node-brace-expansion\n"}
,{"stream_name":"stdout","time":12.17336536,"data":"  node-builtins node-cacache node-chalk node-chownr node-clean-yaml-object\n"}
,{"stream_name":"stdout","time":12.173369217,"data":"  node-cli-table node-clone node-color-convert node-color-name node-colors\n"}
,{"stream_name":"stdout","time":12.173372972,"data":"  node-columnify node-combined-stream node-commander\n"}
,{"stream_name":"stdout","time":12.173376739,"data":"  node-console-control-strings node-copy-concurrently node-core-util-is\n"}
,{"stream_name":"stdout","time":12.173380537,"data":"  node-coveralls node-cssom node-cssstyle node-debug node-decompress-response\n"}
,{"stream_name":"stdout","time":12.173384456,"data":"  node-defaults node-delayed-stream node-delegates node-depd node-diff\n"}
,{"stream_name":"stdout","time":12.173388147,"data":"  node-encoding node-end-of-stream node-err-code node-escape-string-regexp\n"}
,{"stream_name":"stdout","time":12.173391787,"data":"  node-esprima node-events node-fancy-log node-fetch node-foreground-child\n"}
,{"stream_name":"stdout","time":12.173395442,"data":"  node-form-data node-fs-write-stream-atomic node-fs.realpath\n"}
,{"stream_name":"stdout","time":12.173399127,"data":"  node-function-bind node-gauge node-get-stream node-glob node-got\n"}
,{"stream_name":"stdout","time":12.17340286,"data":"  node-graceful-fs node-growl node-gyp node-has-flag node-has-unicode\n"}
,{"stream_name":"stdout","time":12.173406553,"data":"  node-hosted-git-info node-https-proxy-agent node-iconv-lite node-iferr\n"}
,{"stream_name":"stdout","time":12.173410434000001,"data":"  node-imurmurhash node-indent-string node-inflight node-inherits node-ini\n"}
,{"stream_name":"stdout","time":12.173414461,"data":"  node-ip node-ip-regex node-is-buffer node-is-plain-obj node-is-typedarray\n"}
,{"stream_name":"stdout","time":12.173418335,"data":"  node-isarray node-isexe node-js-yaml node-jsdom node-json-buffer\n"}
,{"stream_name":"stdout","time":12.173422099,"data":"  node-json-parse-better-errors node-jsonparse node-kind-of node-lcov-parse\n"}
,{"stream_name":"stdout","time":12.173425759,"data":"  node-lodash-packages node-log-driver node-lowercase-keys node-lru-cache\n"}
,{"stream_name":"stdout","time":12.173430088,"data":"  node-mime node-mime-types node-mimic-response node-minimatch node-minimist\n"}
,{"stream_name":"stdout","time":12.173433628,"data":"  node-minipass node-mkdirp node-move-concurrently node-ms node-mute-stream\n"}
,{"stream_name":"stdout","time":12.17345175,"data":"  node-negotiator node-nopt node-normalize-package-data node-npm-bundled\n"}
,{"stream_name":"stdout","time":12.17345568,"data":"  node-npm-package-arg node-npmlog node-object-assign node-once node-opener\n"}
,{"stream_name":"stdout","time":12.173459411,"data":"  node-osenv node-p-cancelable node-p-map node-path-is-absolute\n"}
,{"stream_name":"stdout","time":12.173463061,"data":"  node-process-nextick-args node-promise-inflight node-promise-retry\n"}
,{"stream_name":"stdout","time":12.173466638,"data":"  node-promzard node-psl node-pump node-punycode node-quick-lru node-read\n"}
,{"stream_name":"stdout","time":12.173471847,"data":"  node-read-package-json node-readable-stream node-resolve node-retry\n"}
,{"stream_name":"stdout","time":12.17347576,"data":"  node-rimraf node-run-queue node-safe-buffer node-semver node-set-blocking\n"}
,{"stream_name":"stdout","time":12.173479318,"data":"  node-signal-exit node-slash node-slice-ansi node-source-map\n"}
,{"stream_name":"stdout","time":12.173482861,"data":"  node-source-map-support node-spdx-correct node-spdx-exceptions\n"}
,{"stream_name":"stdout","time":12.173486464,"data":"  node-spdx-expression-parse node-spdx-license-ids node-sprintf-js node-ssri\n"}
,{"stream_name":"stdout","time":12.173490103,"data":"  node-stack-utils node-stealthy-require node-string-decoder node-string-width\n"}
,{"stream_name":"stdout","time":12.173493893,"data":"  node-strip-ansi node-supports-color node-tap node-tap-mocha-reporter\n"}
,{"stream_name":"stdout","time":12.173497866,"data":"  node-tap-parser node-tar node-text-table node-time-stamp node-tmatch\n"}
,{"stream_name":"stdout","time":12.173501911,"data":"  node-tough-cookie node-typedarray-to-buffer node-unique-filename\n"}
,{"stream_name":"stdout","time":12.173505462,"data":"  node-universalify node-util-deprecate node-validate-npm-package-license\n"}
,{"stream_name":"stdout","time":12.173509358,"data":"  node-validate-npm-package-name node-wcwidth.js node-webidl-conversions\n"}
,{"stream_name":"stdout","time":12.173513663,"data":"  node-whatwg-fetch node-which node-wide-align node-wrappy\n"}
,{"stream_name":"stdout","time":12.173666927,"data":"  node-write-file-atomic node-ws node-yallist nodejs-doc\n"}
,{"stream_name":"stdout","time":12.173691955,"data":"  python-matplotlib-data python3-appdirs python3-attr python3-beniget\n"}
,{"stream_name":"stdout","time":12.173699842,"data":"  python3-brotli python3-bs4 python3-chardet python3-cycler python3-dateutil\n"}
,{"stream_name":"stdout","time":12.173725376,"data":"  python3-decorator python3-dev python3-fonttools python3-fs python3-gast\n"}
,{"stream_name":"stdout","time":12.173731622,"data":"  python3-html5lib python3-kiwisolver python3-lxml python3-lz4\n"}
,{"stream_name":"stdout","time":12.173813852,"data":"  python3-matplotlib python3-mpmath python3-numpy python3-olefile\n"}
,{"stream_name":"stdout","time":12.173823156,"data":"  python3-packaging python3-pil python3-pil.imagetk python3-pivy python3-ply\n"}
,{"stream_name":"stdout","time":12.173844096,"data":"  python3-pyside2.qtcore python3-pyside2.qtgui python3-pyside2.qtopengl\n"}
,{"stream_name":"stdout","time":12.173857349,"data":"  python3-pyside2.qtsvg python3-pyside2.qtuitools python3-pyside2.qtwidgets\n"}
,{"stream_name":"stdout","time":12.173868797,"data":"  python3-pyside2.qtxml python3-pythran python3-scipy python3-soupsieve\n"}
,{"stream_name":"stdout","time":12.173874149,"data":"  python3-sympy python3-tk python3-tz python3-ufolib2 python3-unicodedata2\n"}
,{"stream_name":"stdout","time":12.173882909,"data":"  python3-webencodings python3-yaml python3.10 python3.10-dev\n"}
,{"stream_name":"stdout","time":12.174816656,"data":"  python3.10-minimal qt5-gtk-platformtheme qttranslations5-l10n\n"}
,{"stream_name":"stdout","time":12.174849815,"data":"  session-migration shiboken2 systemd systemd-hwe-hwdb systemd-sysv\n"}
,{"stream_name":"stdout","time":12.174936177,"data":"  tk8.6-blt2.5 udev unicode-data usb-modeswitch usb-modeswitch-data\n"}
,{"stream_name":"stdout","time":12.175043921,"data":"  wpasupplicant\n"}
,{"stream_name":"stdout","time":12.178555592,"data":"Suggested packages:\n"}
,{"stream_name":"stdout","time":12.178633975,"data":"  avahi-autoipd blt-demo povray gvfs apache2 | lighttpd | httpd libopenal0a\n"}
,{"stream_name":"stdout","time":12.178640883,"data":"  libsimage-dev glew-utils libvisual-0.4-plugins libjs-angularjs libmed-doc\n"}
,{"stream_name":"stdout","time":12.178645287,"data":"  libmed-tools gnome-shell | notification-daemon avahi-autoipd | zeroconf\n"}
,{"stream_name":"stdout","time":12.178649857,"data":"  qt5-image-formats-plugins qtwayland5 qt5-qmltooling-plugins spacenavd\n"}
,{"stream_name":"stdout","time":12.178654005,"data":"  vtk9-doc vtk9-examples libxsimd-doc node-nyc python-attr-doc\n"}
,{"stream_name":"stdout","time":12.178658213,"data":"  python-cycler-doc python3-genshi python-lxml-doc dvipng fonts-staypuft\n"}
,{"stream_name":"stdout","time":12.178662189,"data":"  gir1.2-gtk-3.0 inkscape ipython3 python-matplotlib-doc python3-cairocffi\n"}
,{"stream_name":"stdout","time":12.178666505,"data":"  python3-gi-cairo python3-gobject python3-pyqt5 python3-sip python3-tornado\n"}
,{"stream_name":"stdout","time":12.178681515,"data":"  texlive-extra-utils texlive-latex-extra python-mpmath-doc python3-gmpy2\n"}
,{"stream_name":"stdout","time":12.178684327,"data":"  python-numpy-doc python3-pytest python-pil-doc python-ply-doc\n"}
,{"stream_name":"stdout","time":12.178687053,"data":"  python-pyside2-doc python-scipy-doc texlive-fonts-extra python-sympy-doc tix\n"}
,{"stream_name":"stdout","time":12.17868984,"data":"  python3-tk-dbg python3.10-venv python3.10-doc binfmt-support\n"}
,{"stream_name":"stdout","time":12.178692542,"data":"  systemd-container libtss2-esys-3.0.2-0 libtss2-mu0 libtss2-rc0 comgt wvdial\n"}
,{"stream_name":"stdout","time":12.178695445,"data":"  wpagui libengine-pkcs11-openssl\n"}
,{"stream_name":"stdout","time":12.178698165,"data":"Recommended packages:\n"}
,{"stream_name":"stdout","time":12.178700913,"data":"  networkd-dispatcher systemd-timesyncd | time-daemon libnss-systemd\n"}
,{"stream_name":"stdout","time":14.35061181,"data":"The following NEW packages will be installed:\n"}
,{"stream_name":"stdout","time":14.350813691,"data":"  at-spi2-core avahi-daemon blt calculix-ccx fonts-dejavu-core fonts-lyx\n"}
,{"stream_name":"stdout","time":14.350946899,"data":"  freecad freecad-common freecad-python3 geoclue-2.0 glib-networking\n"}
,{"stream_name":"stdout","time":14.351039103,"data":"  glib-networking-common glib-networking-services gsettings-desktop-schemas\n"}
,{"stream_name":"stdout","time":14.35135102,"data":"  gstreamer1.0-plugins-base gyp iio-sensor-proxy javascript-common\n"}
,{"stream_name":"stdout","time":14.351365366,"data":"  libatk-bridge2.0-0 libatk1.0-0 libatk1.0-data libatspi2.0-0 libavahi-core7\n"}
,{"stream_name":"stdout","time":14.351369963,"data":"  libavahi-glib1 libboost-program-options1.74.0 libboost-regex1.74.0\n"}
,{"stream_name":"stdout","time":14.351374519,"data":"  libboost-thread1.74.0 libc-ares2 libcdparanoia0 libclang1-14 libcoin80c\n"}
,{"stream_name":"stdout","time":14.351460133,"data":"  libdaemon0 libdouble-conversion3 libevdev2 libfreecad-python3-0.19\n"}
,{"stream_name":"stdout","time":14.351724475,"data":"  libfreeimage3 libgl2ps1.4 libglew2.2 libglu1-mesa\n"}
,{"stream_name":"stdout","time":14.351757774,"data":"  libgstreamer-plugins-base1.0-0 libgtk-3-0 libgtk-3-bin libgtk-3-common\n"}
,{"stream_name":"stdout","time":14.351763948,"data":"  libgudev-1.0-0 libhdf5-openmpi-103-1 libhyphen0 libimagequant0 libinput-bin\n"}
,{"stream_name":"stdout","time":14.351771402,"data":"  libinput10 libjs-events libjs-highlight.js libjs-inherits\n"}
,{"stream_name":"stdout","time":14.351776528,"data":"  libjs-is-typedarray libjs-psl libjs-source-map libjs-sphinxdoc\n"}
,{"stream_name":"stdout","time":14.351781486,"data":"  libjs-sprintf-js libjs-typedarray-to-buffer libjs-underscore\n"}
,{"stream_name":"stdout","time":14.351932423,"data":"  libjson-glib-1.0-0 libjson-glib-1.0-common liblbfgsb0 libllvm14\n"}
,{"stream_name":"stdout","time":14.352031673,"data":"  libmbim-glib4 libmbim-proxy libmd4c0 libmedc11 libmm-glib0 libmtdev1\n"}
,{"stream_name":"stdout","time":14.35204094,"data":"  libnl-genl-3-200 libnode-dev libnode72 libnotify-bin libnotify4 libnss-mdns\n"}
,{"stream_name":"stdout","time":14.352045577,"data":"  libocct-data-exchange-7.5 libocct-foundation-7.5\n"}
,{"stream_name":"stdout","time":14.35204953,"data":"  libocct-modeling-algorithms-7.5 libocct-modeling-data-7.5 libocct-ocaf-7.5\n"}
,{"stream_name":"stdout","time":14.352211028,"data":"  libocct-visualization-7.5 liborc-0.4-0 libproxy1v5 libpyside2-py3-5.15\n"}
,{"stream_name":"stdout","time":14.352218389,"data":"  libqmi-glib5 libqmi-proxy libqt5concurrent5 libqt5core5a libqt5dbus5\n"}
,{"stream_name":"stdout","time":14.352222855,"data":"  libqt5gui5 libqt5network5 libqt5opengl5 libqt5positioning5\n"}
,{"stream_name":"stdout","time":14.352227004,"data":"  libqt5printsupport5 libqt5qml5 libqt5qmlmodels5 libqt5quick5 libqt5sensors5\n"}
,{"stream_name":"stdout","time":14.352231122,"data":"  libqt5svg5 libqt5webchannel5 libqt5webkit5 libqt5widgets5 libqt5xml5\n"}
,{"stream_name":"stdout","time":14.352552952,"data":"  libqt5xmlpatterns5 libraqm0 libraw20 libshiboken2-py3-5.15 libsoqt520\n"}
,{"stream_name":"stdout","time":14.35257001,"data":"  libsoup2.4-1 libsoup2.4-common libspnav0 libspooles2.2 libtbb12 libtbb2\n"}
,{"stream_name":"stdout","time":14.352719421,"data":"  libtbbmalloc2 libuv1-dev libvisual-0.4-0 libvtk9.1 libwacom-bin\n"}
,{"stream_name":"stdout","time":14.352726467,"data":"  libwacom-common libwacom9 libwoff1 libxcb-icccm4 libxcb-image0\n"}
,{"stream_name":"stdout","time":14.352730729,"data":"  libxcb-keysyms1 libxcb-render-util0 libxcb-util1 libxcb-xinerama0\n"}
,{"stream_name":"stdout","time":14.352742218,"data":"  libxcb-xinput0 libxcb-xkb1 libxcomposite1 libxkbcommon-x11-0 libxsimd-dev\n"}
,{"stream_name":"stdout","time":14.353869912,"data":"  libxtst6 libzipios++0v5 modemmanager node-abab node-abbrev node-agent-base\n"}
,{"stream_name":"stdout","time":14.353897144,"data":"  node-ansi-regex node-ansi-styles node-ansistyles node-aproba node-archy\n"}
,{"stream_name":"stdout","time":14.353902865,"data":"  node-are-we-there-yet node-argparse node-arrify node-asap node-asynckit\n"}
,{"stream_name":"stdout","time":14.35390813,"data":"  node-balanced-match node-brace-expansion node-builtins node-cacache\n"}
,{"stream_name":"stdout","time":14.353914178,"data":"  node-chalk node-chownr node-clean-yaml-object node-cli-table node-clone\n"}
,{"stream_name":"stdout","time":14.353919091,"data":"  node-color-convert node-color-name node-colors node-columnify\n"}
,{"stream_name":"stdout","time":14.353923681,"data":"  node-combined-stream node-commander node-console-control-strings\n"}
,{"stream_name":"stdout","time":14.353928238,"data":"  node-copy-concurrently node-core-util-is node-coveralls node-cssom\n"}
,{"stream_name":"stdout","time":14.353952976,"data":"  node-cssstyle node-debug node-decompress-response node-defaults\n"}
,{"stream_name":"stdout","time":14.353957955,"data":"  node-delayed-stream node-delegates node-depd node-diff node-encoding\n"}
,{"stream_name":"stdout","time":14.353962526,"data":"  node-end-of-stream node-err-code node-escape-string-regexp node-esprima\n"}
,{"stream_name":"stdout","time":14.353967735,"data":"  node-events node-fancy-log node-fetch node-foreground-child node-form-data\n"}
,{"stream_name":"stdout","time":14.353972197,"data":"  node-fs-write-stream-atomic node-fs.realpath node-function-bind node-gauge\n"}
,{"stream_name":"stdout","time":14.353977579,"data":"  node-get-stream node-glob node-got node-graceful-fs node-growl node-gyp\n"}
,{"stream_name":"stdout","time":14.353983062,"data":"  node-has-flag node-has-unicode node-hosted-git-info node-https-proxy-agent\n"}
,{"stream_name":"stdout","time":14.353988322,"data":"  node-iconv-lite node-iferr node-imurmurhash node-indent-string node-inflight\n"}
,{"stream_name":"stdout","time":14.353992998,"data":"  node-inherits node-ini node-ip node-ip-regex node-is-buffer\n"}
,{"stream_name":"stdout","time":14.353998288,"data":"  node-is-plain-obj node-is-typedarray node-isarray node-isexe node-js-yaml\n"}
,{"stream_name":"stdout","time":14.354003932,"data":"  node-jsdom node-json-buffer node-json-parse-better-errors node-jsonparse\n"}
,{"stream_name":"stdout","time":14.354008326,"data":"  node-kind-of node-lcov-parse node-lodash-packages node-log-driver\n"}
,{"stream_name":"stdout","time":14.354013061,"data":"  node-lowercase-keys node-lru-cache node-mime node-mime-types\n"}
,{"stream_name":"stdout","time":14.354018002,"data":"  node-mimic-response node-minimatch node-minimist node-minipass node-mkdirp\n"}
,{"stream_name":"stdout","time":14.354022888,"data":"  node-move-concurrently node-ms node-mute-stream node-negotiator node-nopt\n"}
,{"stream_name":"stdout","time":14.354027683,"data":"  node-normalize-package-data node-npm-bundled node-npm-package-arg\n"}
,{"stream_name":"stdout","time":14.354039352,"data":"  node-npmlog node-object-assign node-once node-opener node-osenv\n"}
,{"stream_name":"stdout","time":14.354044524,"data":"  node-p-cancelable node-p-map node-path-is-absolute node-process-nextick-args\n"}
,{"stream_name":"stdout","time":14.354049018,"data":"  node-promise-inflight node-promise-retry node-promzard node-psl node-pump\n"}
,{"stream_name":"stdout","time":14.35405311,"data":"  node-punycode node-quick-lru node-read node-read-package-json\n"}
,{"stream_name":"stdout","time":14.354057141,"data":"  node-readable-stream node-resolve node-retry node-rimraf node-run-queue\n"}
,{"stream_name":"stdout","time":14.354061119,"data":"  node-safe-buffer node-semver node-set-blocking node-signal-exit node-slash\n"}
,{"stream_name":"stdout","time":14.354070128,"data":"  node-slice-ansi node-source-map node-source-map-support node-spdx-correct\n"}
,{"stream_name":"stdout","time":14.354074084,"data":"  node-spdx-exceptions node-spdx-expression-parse node-spdx-license-ids\n"}
,{"stream_name":"stdout","time":14.35407808,"data":"  node-sprintf-js node-ssri node-stack-utils node-stealthy-require\n"}
,{"stream_name":"stdout","time":14.354082112,"data":"  node-string-decoder node-string-width node-strip-ansi node-supports-color\n"}
,{"stream_name":"stdout","time":14.354086244,"data":"  node-tap node-tap-mocha-reporter node-tap-parser node-tar node-text-table\n"}
,{"stream_name":"stdout","time":14.354090363,"data":"  node-time-stamp node-tmatch node-tough-cookie node-typedarray-to-buffer\n"}
,{"stream_name":"stdout","time":14.354094369,"data":"  node-unique-filename node-universalify node-util-deprecate\n"}
,{"stream_name":"stdout","time":14.35412238,"data":"  node-validate-npm-package-license node-validate-npm-package-name\n"}
,{"stream_name":"stdout","time":14.354127756,"data":"  node-wcwidth.js node-webidl-conversions node-whatwg-fetch node-which\n"}
,{"stream_name":"stdout","time":14.354132666,"data":"  node-wide-align node-wrappy node-write-file-atomic node-ws node-yallist\n"}
,{"stream_name":"stdout","time":14.354317442,"data":"  nodejs nodejs-doc npm python-matplotlib-data python3-appdirs python3-attr\n"}
,{"stream_name":"stdout","time":14.354327329,"data":"  python3-beniget python3-brotli python3-bs4 python3-chardet python3-cycler\n"}
,{"stream_name":"stdout","time":14.354332076,"data":"  python3-dateutil python3-decorator python3-dev python3-fonttools python3-fs\n"}
,{"stream_name":"stdout","time":14.354336384,"data":"  python3-gast python3-html5lib python3-kiwisolver python3-lxml python3-lz4\n"}
,{"stream_name":"stdout","time":14.354341679000001,"data":"  python3-matplotlib python3-mpmath python3-numpy python3-olefile\n"}
,{"stream_name":"stdout","time":14.354376466,"data":"  python3-packaging python3-pil python3-pil.imagetk python3-pivy python3-ply\n"}
,{"stream_name":"stdout","time":14.354384878,"data":"  python3-pyside2.qtcore python3-pyside2.qtgui python3-pyside2.qtopengl\n"}
,{"stream_name":"stdout","time":14.354389639,"data":"  python3-pyside2.qtsvg python3-pyside2.qtuitools python3-pyside2.qtwidgets\n"}
,{"stream_name":"stdout","time":14.354458877999999,"data":"  python3-pyside2.qtxml python3-pythran python3-scipy python3-soupsieve\n"}
,{"stream_name":"stdout","time":14.354465671,"data":"  python3-sympy python3-tk python3-tz python3-ufolib2 python3-unicodedata2\n"}
,{"stream_name":"stdout","time":14.354513358,"data":"  python3-webencodings python3-yaml python3.10-dev qt5-gtk-platformtheme\n"}
,{"stream_name":"stdout","time":14.355430042,"data":"  qttranslations5-l10n session-migration shiboken2 systemd-hwe-hwdb\n"}
,{"stream_name":"stdout","time":14.355451979,"data":"  tk8.6-blt2.5 udev unicode-data usb-modeswitch usb-modeswitch-data\n"}
,{"stream_name":"stdout","time":14.35556861,"data":"  wpasupplicant\n"}
,{"stream_name":"stdout","time":14.357978691,"data":"The following packages will be upgraded:\n"}
,{"stream_name":"stdout","time":14.358010308,"data":"  libpam-systemd libpython3.10 libpython3.10-dev libpython3.10-minimal\n"}
,{"stream_name":"stdout","time":14.360335485,"data":"  libpython3.10-stdlib libsystemd0 libudev1 python3.10 python3.10-minimal\n"}
,{"stream_name":"stdout","time":14.360428251,"data":"  systemd systemd-sysv\n"}
,{"stream_name":"stdout","time":14.730927989,"data":"11 upgraded, 366 newly installed, 0 to remove and 208 not upgraded.\n"}
,{"stream_name":"stdout","time":14.730960758,"data":"Need to get 262 MB of archives.\n"}
,{"stream_name":"stdout","time":14.730967503,"data":"After this operation, 1,052 MB of additional disk space will be used.\n"}
,{"stream_name":"stdout","time":14.730972684,"data":"Get:1 http://archive.ubuntu.com/ubuntu jammy-updates/main amd64 systemd-sysv amd64 249.11-0ubuntu3.22 [10.5 kB]\n"}
,{"stream_name":"stdout","time":14.886800803,"data":"Get:2 http://archive.ubuntu.com/ubuntu jammy-updates/main amd64 libpam-systemd amd64 249.11-0ubuntu3.22 [203 kB]\n"}
,{"stream_name":"stdout","time":15.065332324,"data":"Get:3 https://ppa.launchpadcontent.net/ubuntugis/ppa/ubuntu jammy/main amd64 freecad-common all 0.19.2+dfsg1-3ubuntu1+jammy0 [18.0 MB]\n"}
,{"stream_name":"stdout","time":15.420578443,"data":"Get:4 http://archive.ubuntu.com/ubuntu jammy-updates/main amd64 systemd amd64 249.11-0ubuntu3.22 [4,587 kB]\n"}
,{"stream_name":"stdout","time":16.117504344,"data":"Get:5 http://archive.ubuntu.com/ubuntu jammy-updates/main amd64 libsystemd0 amd64 249.11-0ubuntu3.22 [316 kB]\n"}
,{"stream_name":"stdout","time":16.130870075,"data":"Get:6 http://archive.ubuntu.com/ubuntu jammy-updates/main amd64 libpython3.10-dev amd64 3.10.12-1~22.04.18 [4,765 kB]\n"}
,{"stream_name":"stdout","time":16.277894397,"data":"Get:7 http://archive.ubuntu.com/ubuntu jammy-updates/main amd64 libpython3.10 amd64 3.10.12-1~22.04.18 [1,950 kB]\n"}
,{"stream_name":"stdout","time":16.351505056,"data":"Get:8 http://archive.ubuntu.com/ubuntu jammy-updates/main amd64 python3.10 amd64 3.10.12-1~22.04.18 [508 kB]\n"}
,{"stream_name":"stdout","time":16.369517113,"data":"Get:9 http://archive.ubuntu.com/ubuntu jammy-updates/main amd64 libpython3.10-stdlib amd64 3.10.12-1~22.04.18 [1,850 kB]\n"}
,{"stream_name":"stdout","time":16.42454396,"data":"Get:10 http://archive.ubuntu.com/ubuntu jammy-updates/main amd64 python3.10-minimal amd64 3.10.12-1~22.04.18 [2,277 kB]\n"}
,{"stream_name":"stdout","time":16.539796215,"data":"Get:11 http://archive.ubuntu.com/ubuntu jammy-updates/main amd64 libpython3.10-minimal amd64 3.10.12-1~22.04.18 [817 kB]\n"}
,{"stream_name":"stdout","time":16.553015263,"data":"Get:12 http://archive.ubuntu.com/ubuntu jammy-updates/main amd64 libavahi-core7 amd64 0.8-5ubuntu5.5 [91.5 kB]\n"}
,{"stream_name":"stdout","time":16.556965112,"data":"Get:13 http://archive.ubuntu.com/ubuntu jammy/main amd64 libdaemon0 amd64 0.14-7.1ubuntu3 [14.1 kB]\n"}
,{"stream_name":"stdout","time":16.559223489,"data":"Get:14 http://archive.ubuntu.com/ubuntu jammy-updates/main amd64 avahi-daemon amd64 0.8-5ubuntu5.5 [69.7 kB]\n"}
,{"stream_name":"stdout","time":16.562988909,"data":"Get:15 http://archive.ubuntu.com/ubuntu jammy/universe amd64 libdouble-conversion3 amd64 3.1.7-4 [39.0 kB]\n"}
,{"stream_name":"stdout","time":16.582674225,"data":"Get:16 http://archive.ubuntu.com/ubuntu jammy-updates/universe amd64 libqt5core5a amd64 5.15.3+dfsg-2ubuntu0.2 [2,006 kB]\n"}
,{"stream_name":"stdout","time":16.605558046,"data":"Get:17 http://archive.ubuntu.com/ubuntu jammy/main amd64 libevdev2 amd64 1.12.1+dfsg-1 [39.5 kB]\n"}
,{"stream_name":"stdout","time":16.605998532,"data":"Get:18 http://archive.ubuntu.com/ubuntu jammy/main amd64 libmtdev1 amd64 1.1.6-1build4 [14.5 kB]\n"}
,{"stream_name":"stdout","time":16.683317879,"data":"Get:19 https://ppa.launchpadcontent.net/ubuntugis/ppa/ubuntu jammy/main amd64 libvtk9.1 amd64 9.1.0+really9.1.0+dfsg2-3build1+jammy1 [20.2 MB]\n"}
,{"stream_name":"stdout","time":16.737488827,"data":"Get:20 http://archive.ubuntu.com/ubuntu jammy-updates/main amd64 libudev1 amd64 249.11-0ubuntu3.22 [75.9 kB]\n"}
,{"stream_name":"stdout","time":16.739210821,"data":"Get:21 http://archive.ubuntu.com/ubuntu jammy/main amd64 libgudev-1.0-0 amd64 1:237-2build1 [16.3 kB]\n"}
,{"stream_name":"stdout","time":16.739543075,"data":"Get:22 http://archive.ubuntu.com/ubuntu jammy/main amd64 libwacom-common all 2.2.0-1 [54.3 kB]\n"}
,{"stream_name":"stdout","time":16.740615222,"data":"Get:23 http://archive.ubuntu.com/ubuntu jammy/main amd64 libwacom9 amd64 2.2.0-1 [22.0 kB]\n"}
,{"stream_name":"stdout","time":16.741561333,"data":"Get:24 http://archive.ubuntu.com/ubuntu jammy-updates/main amd64 libinput-bin amd64 1.20.0-1ubuntu0.4 [20.4 kB]\n"}
,{"stream_name":"stdout","time":16.741962357,"data":"Get:25 http://archive.ubuntu.com/ubuntu jammy-updates/main amd64 libinput10 amd64 1.20.0-1ubuntu0.4 [131 kB]\n"}
,{"stream_name":"stdout","time":16.744899642,"data":"Get:26 http://archive.ubuntu.com/ubuntu jammy/universe amd64 libmd4c0 amd64 0.4.8-1 [42.0 kB]\n"}
,{"stream_name":"stdout","time":16.891875179,"data":"Get:27 http://archive.ubuntu.com/ubuntu jammy-updates/universe amd64 libqt5dbus5 amd64 5.15.3+dfsg-2ubuntu0.2 [222 kB]\n"}
,{"stream_name":"stdout","time":16.895292086,"data":"Get:28 http://archive.ubuntu.com/ubuntu jammy-updates/universe amd64 libqt5network5 amd64 5.15.3+dfsg-2ubuntu0.2 [731 kB]\n"}
,{"stream_name":"stdout","time":16.904928176,"data":"Get:29 http://archive.ubuntu.com/ubuntu jammy/main amd64 libxcb-icccm4 amd64 0.4.1-1.1build2 [11.5 kB]\n"}
,{"stream_name":"stdout","time":17.046479808,"data":"Get:30 http://archive.ubuntu.com/ubuntu jammy/main amd64 libxcb-util1 amd64 0.4.0-1build2 [11.4 kB]\n"}
,{"stream_name":"stdout","time":17.047179694,"data":"Get:31 http://archive.ubuntu.com/ubuntu jammy/main amd64 libxcb-image0 amd64 0.4.0-2 [11.5 kB]\n"}
,{"stream_name":"stdout","time":17.04766382,"data":"Get:32 http://archive.ubuntu.com/ubuntu jammy/main amd64 libxcb-keysyms1 amd64 0.4.0-1build3 [8,746 B]\n"}
,{"stream_name":"stdout","time":17.04821624,"data":"Get:33 http://archive.ubuntu.com/ubuntu jammy/main amd64 libxcb-render-util0 amd64 0.3.9-1build3 [10.3 kB]\n"}
,{"stream_name":"stdout","time":17.048755011,"data":"Get:34 http://archive.ubuntu.com/ubuntu jammy/main amd64 libxcb-xinerama0 amd64 1.14-3ubuntu3 [5,414 B]\n"}
,{"stream_name":"stdout","time":17.049467651,"data":"Get:35 http://archive.ubuntu.com/ubuntu jammy/main amd64 libxcb-xinput0 amd64 1.14-3ubuntu3 [34.3 kB]\n"}
,{"stream_name":"stdout","time":17.050260454,"data":"Get:36 http://archive.ubuntu.com/ubuntu jammy/main amd64 libxcb-xkb1 amd64 1.14-3ubuntu3 [32.8 kB]\n"}
,{"stream_name":"stdout","time":17.200932603,"data":"Get:37 http://archive.ubuntu.com/ubuntu jammy/main amd64 libxkbcommon-x11-0 amd64 1.4.0-1 [14.4 kB]\n"}
,{"stream_name":"stdout","time":17.202087776,"data":"Get:38 http://archive.ubuntu.com/ubuntu jammy-updates/universe amd64 libqt5gui5 amd64 5.15.3+dfsg-2ubuntu0.2 [3,722 kB]\n"}
,{"stream_name":"stdout","time":17.247960937,"data":"Get:39 http://archive.ubuntu.com/ubuntu jammy-updates/universe amd64 libqt5widgets5 amd64 5.15.3+dfsg-2ubuntu0.2 [2,561 kB]\n"}
,{"stream_name":"stdout","time":17.377681737,"data":"Get:40 http://archive.ubuntu.com/ubuntu jammy/universe amd64 libqt5svg5 amd64 5.15.3-1 [149 kB]\n"}
,{"stream_name":"stdout","time":17.380019354,"data":"Get:41 http://archive.ubuntu.com/ubuntu jammy-updates/main amd64 liborc-0.4-0 amd64 1:0.4.32-2ubuntu0.1 [228 kB]\n"}
,{"stream_name":"stdout","time":17.384137828,"data":"Get:42 http://archive.ubuntu.com/ubuntu jammy-updates/main amd64 libgstreamer-plugins-base1.0-0 amd64 1.20.1-1ubuntu0.7 [848 kB]\n"}
,{"stream_name":"stdout","time":17.398879656,"data":"Get:43 http://archive.ubuntu.com/ubuntu jammy/main amd64 libhyphen0 amd64 2.8.8-7build2 [28.2 kB]\n"}
,{"stream_name":"stdout","time":17.399651479,"data":"Get:44 http://archive.ubuntu.com/ubuntu jammy/universe amd64 libqt5positioning5 amd64 5.15.3+dfsg-3 [223 kB]\n"}
,{"stream_name":"stdout","time":17.404207664,"data":"Get:45 http://archive.ubuntu.com/ubuntu jammy-updates/universe amd64 libqt5printsupport5 amd64 5.15.3+dfsg-2ubuntu0.2 [214 kB]\n"}
,{"stream_name":"stdout","time":17.408343229,"data":"Get:46 http://archive.ubuntu.com/ubuntu jammy/universe amd64 libqt5qml5 amd64 5.15.3+dfsg-1 [1,472 kB]\n"}
,{"stream_name":"stdout","time":17.51699348,"data":"Get:47 http://archive.ubuntu.com/ubuntu jammy/universe amd64 libqt5qmlmodels5 amd64 5.15.3+dfsg-1 [205 kB]\n"}
,{"stream_name":"stdout","time":17.518978427,"data":"Get:48 http://archive.ubuntu.com/ubuntu jammy/universe amd64 libqt5quick5 amd64 5.15.3+dfsg-1 [1,748 kB]\n"}
,{"stream_name":"stdout","time":17.663951191,"data":"Get:49 http://archive.ubuntu.com/ubuntu jammy/universe amd64 libqt5sensors5 amd64 5.15.3-1 [123 kB]\n"}
,{"stream_name":"stdout","time":17.669202454,"data":"Get:50 http://archive.ubuntu.com/ubuntu jammy/universe amd64 libqt5webchannel5 amd64 5.15.3-1 [62.9 kB]\n"}
,{"stream_name":"stdout","time":17.669387846,"data":"Get:51 http://archive.ubuntu.com/ubuntu jammy/main amd64 libwoff1 amd64 1.0.2-1build4 [45.2 kB]\n"}
,{"stream_name":"stdout","time":17.670092376,"data":"Get:52 http://archive.ubuntu.com/ubuntu jammy/universe amd64 libqt5webkit5 amd64 5.212.0~alpha4-15ubuntu1 [12.8 MB]\n"}
,{"stream_name":"stdout","time":17.797045394,"data":"Get:53 https://ppa.launchpadcontent.net/ubuntugis/ppa/ubuntu jammy/main amd64 libfreecad-python3-0.19 amd64 0.19.2+dfsg1-3ubuntu1+jammy0 [30.4 MB]\n"}
,{"stream_name":"stdout","time":18.116650603,"data":"Get:54 http://archive.ubuntu.com/ubuntu jammy/main amd64 python3-yaml amd64 5.4.1-1ubuntu1 [129 kB]\n"}
,{"stream_name":"stdout","time":18.11919304,"data":"Get:55 http://archive.ubuntu.com/ubuntu jammy-updates/main amd64 udev amd64 249.11-0ubuntu3.22 [1,559 kB]\n"}
,{"stream_name":"stdout","time":18.168003311,"data":"Get:56 http://archive.ubuntu.com/ubuntu jammy/main amd64 libatspi2.0-0 amd64 2.44.0-3 [80.9 kB]\n"}
,{"stream_name":"stdout","time":18.170305142,"data":"Get:57 http://archive.ubuntu.com/ubuntu jammy/main amd64 libxtst6 amd64 2:1.2.3-1build4 [13.4 kB]\n"}
,{"stream_name":"stdout","time":18.171024418000002,"data":"Get:58 http://archive.ubuntu.com/ubuntu jammy/main amd64 session-migration amd64 0.3.6 [9,774 B]\n"}
,{"stream_name":"stdout","time":18.171521338,"data":"Get:59 http://archive.ubuntu.com/ubuntu jammy/main amd64 gsettings-desktop-schemas all 42.0-1ubuntu1 [31.1 kB]\n"}
,{"stream_name":"stdout","time":18.172628372,"data":"Get:60 http://archive.ubuntu.com/ubuntu jammy/main amd64 at-spi2-core amd64 2.44.0-3 [54.4 kB]\n"}
,{"stream_name":"stdout","time":18.173812912,"data":"Get:61 http://archive.ubuntu.com/ubuntu jammy/main amd64 tk8.6-blt2.5 amd64 2.5.3+dfsg-4.1build2 [643 kB]\n"}
,{"stream_name":"stdout","time":18.193775965,"data":"Get:62 http://archive.ubuntu.com/ubuntu jammy/main amd64 blt amd64 2.5.3+dfsg-4.1build2 [4,838 B]\n"}
,{"stream_name":"stdout","time":18.274876845,"data":"Get:63 http://archive.ubuntu.com/ubuntu jammy/universe amd64 libspooles2.2 amd64 2.2-14 [466 kB]\n"}
,{"stream_name":"stdout","time":18.429402108,"data":"Get:64 http://archive.ubuntu.com/ubuntu jammy/universe amd64 calculix-ccx amd64 2.17-3 [1,825 kB]\n"}
,{"stream_name":"stdout","time":18.485250602,"data":"Get:65 http://archive.ubuntu.com/ubuntu jammy/main amd64 fonts-dejavu-core all 2.37-2build1 [1,041 kB]\n"}
,{"stream_name":"stdout","time":18.517133854,"data":"Get:66 http://archive.ubuntu.com/ubuntu jammy/universe amd64 fonts-lyx all 2.3.6-1 [159 kB]\n"}
,{"stream_name":"stdout","time":18.523494412,"data":"Get:67 http://archive.ubuntu.com/ubuntu jammy/universe amd64 python-matplotlib-data all 3.5.1-2build1 [2,942 kB]\n"}
,{"stream_name":"stdout","time":18.614442302,"data":"Get:68 http://archive.ubuntu.com/ubuntu jammy/main amd64 python3-dateutil all 2.8.1-6 [78.4 kB]\n"}
,{"stream_name":"stdout","time":18.617310371,"data":"Get:69 http://archive.ubuntu.com/ubuntu jammy/main amd64 libimagequant0 amd64 2.17.0-1 [34.6 kB]\n"}
,{"stream_name":"stdout","time":18.618403755,"data":"Get:70 http://archive.ubuntu.com/ubuntu jammy/main amd64 libraqm0 amd64 0.7.0-4ubuntu1 [11.7 kB]\n"}
,{"stream_name":"stdout","time":18.619519421,"data":"Get:71 http://archive.ubuntu.com/ubuntu jammy-updates/main amd64 python3-pil amd64 9.0.1-1ubuntu0.5 [419 kB]\n"}
,{"stream_name":"stdout","time":18.630928376,"data":"Get:72 http://archive.ubuntu.com/ubuntu jammy-updates/main amd64 python3-tk amd64 3.10.8-1~22.04 [110 kB]\n"}
,{"stream_name":"stdout","time":18.736964136,"data":"Get:73 http://archive.ubuntu.com/ubuntu jammy-updates/universe amd64 python3-pil.imagetk amd64 9.0.1-1ubuntu0.5 [9,620 B]\n"}
,{"stream_name":"stdout","time":18.73789219,"data":"Get:74 http://archive.ubuntu.com/ubuntu jammy-updates/main amd64 python3-numpy amd64 1:1.21.5-1ubuntu22.04.1 [3,467 kB]\n"}
,{"stream_name":"stdout","time":18.74448472,"data":"Get:75 https://ppa.launchpadcontent.net/ubuntugis/ppa/ubuntu jammy/main amd64 freecad-python3 amd64 0.19.2+dfsg1-3ubuntu1+jammy0 [49.8 kB]\n"}
,{"stream_name":"stdout","time":18.746072446,"data":"Get:76 https://ppa.launchpadcontent.net/ubuntugis/ppa/ubuntu jammy/main amd64 freecad all 0.19.2+dfsg1-3ubuntu1+jammy0 [35.8 kB]\n"}
,{"stream_name":"stdout","time":18.825249875,"data":"Get:77 http://archive.ubuntu.com/ubuntu jammy/universe amd64 python3-cycler all 0.11.0-1 [8,156 B]\n"}
,{"stream_name":"stdout","time":18.826124598,"data":"Get:78 http://archive.ubuntu.com/ubuntu jammy/universe amd64 python3-brotli amd64 1.0.9-2build6 [319 kB]\n"}
,{"stream_name":"stdout","time":18.892677737,"data":"Get:79 http://archive.ubuntu.com/ubuntu jammy/main amd64 python3-decorator all 4.4.2-0ubuntu1 [10.3 kB]\n"}
,{"stream_name":"stdout","time":18.893369536,"data":"Get:80 http://archive.ubuntu.com/ubuntu jammy-updates/main amd64 python3.10-dev amd64 3.10.12-1~22.04.18 [508 kB]\n"}
,{"stream_name":"stdout","time":18.90574392,"data":"Get:81 http://archive.ubuntu.com/ubuntu jammy/main amd64 libjs-underscore all 1.13.2~dfsg-2 [118 kB]\n"}
,{"stream_name":"stdout","time":18.908891638,"data":"Get:82 http://archive.ubuntu.com/ubuntu jammy/main amd64 libjs-sphinxdoc all 4.3.2-1 [139 kB]\n"}
,{"stream_name":"stdout","time":18.912029258,"data":"Get:83 http://archive.ubuntu.com/ubuntu jammy-updates/main amd64 python3-dev amd64 3.10.6-1~22.04.1 [26.0 kB]\n"}
,{"stream_name":"stdout","time":18.912745307,"data":"Get:84 http://archive.ubuntu.com/ubuntu jammy/universe amd64 libxsimd-dev amd64 7.6.0-2 [108 kB]\n"}
,{"stream_name":"stdout","time":18.915105645,"data":"Get:85 http://archive.ubuntu.com/ubuntu jammy/universe amd64 python3-gast all 0.5.2-2 [9,394 B]\n"}
,{"stream_name":"stdout","time":19.04747901,"data":"Get:86 http://archive.ubuntu.com/ubuntu jammy/universe amd64 python3-beniget all 0.4.1-2 [9,904 B]\n"}
,{"stream_name":"stdout","time":19.047966042,"data":"Get:87 http://archive.ubuntu.com/ubuntu jammy/main amd64 python3-ply all 3.11-5 [47.5 kB]\n"}
,{"stream_name":"stdout","time":19.049198455,"data":"Get:88 http://archive.ubuntu.com/ubuntu jammy/universe amd64 python3-pythran amd64 0.10.0+ds2-1 [423 kB]\n"}
,{"stream_name":"stdout","time":19.202303778,"data":"Get:89 http://archive.ubuntu.com/ubuntu jammy/universe amd64 liblbfgsb0 amd64 3.0+dfsg.3-10 [29.9 kB]\n"}
,{"stream_name":"stdout","time":19.203289724,"data":"Get:90 http://archive.ubuntu.com/ubuntu jammy/universe amd64 python3-scipy amd64 1.8.0-1exp2ubuntu1 [14.7 MB]\n"}
,{"stream_name":"stdout","time":19.637763726,"data":"Get:91 http://archive.ubuntu.com/ubuntu jammy-updates/main amd64 python3-attr all 21.2.0-1ubuntu1 [43.9 kB]\n"}
,{"stream_name":"stdout","time":19.638340544,"data":"Get:92 http://archive.ubuntu.com/ubuntu jammy/universe amd64 python3-ufolib2 all 0.13.1+dfsg1-1 [32.2 kB]\n"}
,{"stream_name":"stdout","time":19.639430907,"data":"Get:93 http://archive.ubuntu.com/ubuntu jammy/universe amd64 python3-mpmath all 1.2.1-2 [419 kB]\n"}
,{"stream_name":"stdout","time":19.678062228,"data":"Get:94 http://archive.ubuntu.com/ubuntu jammy/universe amd64 python3-sympy all 1.9-1 [4,312 kB]\n"}
,{"stream_name":"stdout","time":19.787031334,"data":"Get:95 http://archive.ubuntu.com/ubuntu jammy-updates/main amd64 python3-tz all 2022.1-1ubuntu0.22.04.1 [30.7 kB]\n"}
,{"stream_name":"stdout","time":19.792448052,"data":"Get:96 http://archive.ubuntu.com/ubuntu jammy/main amd64 python3-appdirs all 1.4.4-2 [11.4 kB]\n"}
,{"stream_name":"stdout","time":19.792525804,"data":"Get:97 http://archive.ubuntu.com/ubuntu jammy/universe amd64 python3-fs all 2.4.12-1 [84.9 kB]\n"}
,{"stream_name":"stdout","time":19.792986341,"data":"Get:98 http://archive.ubuntu.com/ubuntu jammy/main amd64 python3-lxml amd64 4.8.0-1build1 [1,150 kB]\n"}
,{"stream_name":"stdout","time":19.850433286,"data":"Get:99 http://archive.ubuntu.com/ubuntu jammy/universe amd64 python3-lz4 amd64 3.1.3+dfsg-1build3 [33.3 kB]\n"}
,{"stream_name":"stdout","time":19.851332129,"data":"Get:100 http://archive.ubuntu.com/ubuntu jammy/universe amd64 python3-unicodedata2 amd64 14.0.0+ds-8 [376 kB]\n"}
,{"stream_name":"stdout","time":19.975057999,"data":"Get:101 http://archive.ubuntu.com/ubuntu jammy/universe amd64 unicode-data all 14.0.0-1.1 [8,206 kB]\n"}
,{"stream_name":"stdout","time":20.212581064,"data":"Get:102 http://archive.ubuntu.com/ubuntu jammy/universe amd64 python3-fonttools amd64 4.29.1-2build1 [810 kB]\n"}
,{"stream_name":"stdout","time":20.23092561,"data":"Get:103 http://archive.ubuntu.com/ubuntu jammy/universe amd64 python3-kiwisolver amd64 1.3.2-1build1 [48.0 kB]\n"}
,{"stream_name":"stdout","time":20.231975354,"data":"Get:104 http://archive.ubuntu.com/ubuntu jammy/main amd64 python3-packaging all 21.3-1 [30.7 kB]\n"}
,{"stream_name":"stdout","time":20.232684031,"data":"Get:105 http://archive.ubuntu.com/ubuntu jammy/universe amd64 python3-matplotlib amd64 3.5.1-2build1 [5,937 kB]\n"}
,{"stream_name":"stdout","time":20.443919002,"data":"Get:106 http://archive.ubuntu.com/ubuntu jammy/universe amd64 libcoin80c amd64 4.0.0+ds-2 [2,425 kB]\n"}
,{"stream_name":"stdout","time":20.880249569,"data":"Get:107 http://archive.ubuntu.com/ubuntu jammy-updates/universe amd64 libqt5opengl5 amd64 5.15.3+dfsg-2ubuntu0.2 [153 kB]\n"}
,{"stream_name":"stdout","time":21.711477198,"data":"Get:108 http://archive.ubuntu.com/ubuntu jammy/universe amd64 libsoqt520 amd64 1.6.0+ds1-3 [190 kB]\n"}
,{"stream_name":"stdout","time":21.904068196,"data":"Get:109 http://archive.ubuntu.com/ubuntu jammy/universe amd64 libshiboken2-py3-5.15 amd64 5.15.2-2build2 [176 kB]\n"}
,{"stream_name":"stdout","time":22.044327529,"data":"Get:110 http://archive.ubuntu.com/ubuntu jammy/universe amd64 libpyside2-py3-5.15 amd64 5.15.2-2build2 [79.9 kB]\n"}
,{"stream_name":"stdout","time":22.082515115,"data":"Get:111 http://archive.ubuntu.com/ubuntu jammy/universe amd64 python3-pyside2.qtcore amd64 5.15.2-2build2 [1,092 kB]\n"}
,{"stream_name":"stdout","time":22.362761763,"data":"Get:112 http://archive.ubuntu.com/ubuntu jammy/universe amd64 python3-pyside2.qtgui amd64 5.15.2-2build2 [1,150 kB]\n"}
,{"stream_name":"stdout","time":22.501352553,"data":"Get:113 http://archive.ubuntu.com/ubuntu jammy/universe amd64 python3-pyside2.qtwidgets amd64 5.15.2-2build2 [1,914 kB]\n"}
,{"stream_name":"stdout","time":22.631008008,"data":"Get:114 http://archive.ubuntu.com/ubuntu jammy/universe amd64 python3-pyside2.qtopengl amd64 5.15.2-2build2 [114 kB]\n"}
,{"stream_name":"stdout","time":22.63817952,"data":"Get:115 http://archive.ubuntu.com/ubuntu jammy-updates/main amd64 libllvm14 amd64 1:14.0.0-1ubuntu1.1 [24.0 MB]\n"}
,{"stream_name":"stdout","time":23.676426284,"data":"Get:116 http://archive.ubuntu.com/ubuntu jammy-updates/universe amd64 libclang1-14 amd64 1:14.0.0-1ubuntu1.1 [6,792 kB]\n"}
,{"stream_name":"stdout","time":23.973268779,"data":"Get:117 http://archive.ubuntu.com/ubuntu jammy/universe amd64 shiboken2 amd64 5.15.2-2build2 [611 kB]\n"}
,{"stream_name":"stdout","time":23.997066858,"data":"Get:118 http://archive.ubuntu.com/ubuntu jammy-updates/universe amd64 python3-pivy amd64 0.6.5-1ubuntu0.22.04.1 [4,421 kB]\n"}
,{"stream_name":"stdout","time":24.185232694,"data":"Get:119 http://archive.ubuntu.com/ubuntu jammy-updates/universe amd64 libqt5xml5 amd64 5.15.3+dfsg-2ubuntu0.2 [124 kB]\n"}
,{"stream_name":"stdout","time":24.190539373,"data":"Get:120 http://archive.ubuntu.com/ubuntu jammy/universe amd64 python3-pyside2.qtxml amd64 5.15.2-2build2 [130 kB]\n"}
,{"stream_name":"stdout","time":24.19311008,"data":"Get:121 http://archive.ubuntu.com/ubuntu jammy/universe amd64 python3-pyside2.qtuitools amd64 5.15.2-2build2 [168 kB]\n"}
,{"stream_name":"stdout","time":24.205284166,"data":"Get:122 http://archive.ubuntu.com/ubuntu jammy/universe amd64 python3-pyside2.qtsvg amd64 5.15.2-2build2 [56.1 kB]\n"}
,{"stream_name":"stdout","time":24.206918617,"data":"Get:123 http://archive.ubuntu.com/ubuntu jammy/main amd64 libboost-program-options1.74.0 amd64 1.74.0-14ubuntu3 [311 kB]\n"}
,{"stream_name":"stdout","time":24.217322330000002,"data":"Get:124 http://archive.ubuntu.com/ubuntu jammy/main amd64 libboost-regex1.74.0 amd64 1.74.0-14ubuntu3 [511 kB]\n"}
,{"stream_name":"stdout","time":24.243965534,"data":"Get:125 http://archive.ubuntu.com/ubuntu jammy/main amd64 libboost-thread1.74.0 amd64 1.74.0-14ubuntu3 [262 kB]\n"}
,{"stream_name":"stdout","time":24.256313674,"data":"Get:126 http://archive.ubuntu.com/ubuntu jammy/main amd64 libglu1-mesa amd64 9.0.2-1 [145 kB]\n"}
,{"stream_name":"stdout","time":24.324563985,"data":"Get:127 http://archive.ubuntu.com/ubuntu jammy/universe amd64 libhdf5-openmpi-103-1 amd64 1.10.7+repack-4ubuntu2 [1,344 kB]\n"}
,{"stream_name":"stdout","time":24.439619886,"data":"Get:128 http://archive.ubuntu.com/ubuntu jammy/universe amd64 libmedc11 amd64 4.1.0+repack-3build1 [426 kB]\n"}
,{"stream_name":"stdout","time":24.45125647,"data":"Get:129 http://archive.ubuntu.com/ubuntu jammy/universe amd64 libtbbmalloc2 amd64 2021.5.0-7ubuntu2 [49.6 kB]\n"}
,{"stream_name":"stdout","time":24.453295223,"data":"Get:130 http://archive.ubuntu.com/ubuntu jammy/universe amd64 libtbb2 amd64 2020.3-1ubuntu3 [101 kB]\n"}
,{"stream_name":"stdout","time":24.456806917,"data":"Get:131 http://archive.ubuntu.com/ubuntu jammy/universe amd64 libocct-foundation-7.5 amd64 7.5.1+dfsg1-2ubuntu1 [1,405 kB]\n"}
,{"stream_name":"stdout","time":24.505082454,"data":"Get:132 http://archive.ubuntu.com/ubuntu jammy/universe amd64 libocct-modeling-data-7.5 amd64 7.5.1+dfsg1-2ubuntu1 [2,606 kB]\n"}
,{"stream_name":"stdout","time":24.633697249,"data":"Get:133 http://archive.ubuntu.com/ubuntu jammy/universe amd64 libocct-modeling-algorithms-7.5 amd64 7.5.1+dfsg1-2ubuntu1 [7,021 kB]\n"}
,{"stream_name":"stdout","time":24.91044797,"data":"Get:134 http://archive.ubuntu.com/ubuntu jammy-updates/main amd64 libraw20 amd64 0.20.2-2ubuntu2.22.04.3 [342 kB]\n"}
,{"stream_name":"stdout","time":24.92054122,"data":"Get:135 http://archive.ubuntu.com/ubuntu jammy-updates/universe amd64 libfreeimage3 amd64 3.18.0+ds2-6ubuntu5.1 [294 kB]\n"}
,{"stream_name":"stdout","time":24.967185273,"data":"Get:136 http://archive.ubuntu.com/ubuntu jammy/universe amd64 libocct-visualization-7.5 amd64 7.5.1+dfsg1-2ubuntu1 [1,907 kB]\n"}
,{"stream_name":"stdout","time":25.033642132,"data":"Get:137 http://archive.ubuntu.com/ubuntu jammy/universe amd64 libocct-ocaf-7.5 amd64 7.5.1+dfsg1-2ubuntu1 [1,153 kB]\n"}
,{"stream_name":"stdout","time":25.072474514,"data":"Get:138 http://archive.ubuntu.com/ubuntu jammy/universe amd64 libocct-data-exchange-7.5 amd64 7.5.1+dfsg1-2ubuntu1 [4,071 kB]\n"}
,{"stream_name":"stdout","time":25.248818553,"data":"Get:139 http://archive.ubuntu.com/ubuntu jammy-updates/universe amd64 libqt5concurrent5 amd64 5.15.3+dfsg-2ubuntu0.2 [36.3 kB]\n"}
,{"stream_name":"stdout","time":25.251429717,"data":"Get:140 http://archive.ubuntu.com/ubuntu jammy/universe amd64 libqt5xmlpatterns5 amd64 5.15.3-1 [901 kB]\n"}
,{"stream_name":"stdout","time":25.31636484,"data":"Get:141 http://archive.ubuntu.com/ubuntu jammy/universe amd64 libspnav0 amd64 0.2.3-1 [8,552 B]\n"}
,{"stream_name":"stdout","time":25.316808822,"data":"Get:142 http://archive.ubuntu.com/ubuntu jammy/universe amd64 libgl2ps1.4 amd64 1.4.2+dfsg1-2 [43.5 kB]\n"}
,{"stream_name":"stdout","time":25.318040122,"data":"Get:143 http://archive.ubuntu.com/ubuntu jammy/universe amd64 libglew2.2 amd64 2.2.0-4 [196 kB]\n"}
,{"stream_name":"stdout","time":25.324655845,"data":"Get:144 http://archive.ubuntu.com/ubuntu jammy/universe amd64 libtbb12 amd64 2021.5.0-7ubuntu2 [84.8 kB]\n"}
,{"stream_name":"stdout","time":25.32801326,"data":"Get:145 http://archive.ubuntu.com/ubuntu jammy/universe amd64 libzipios++0v5 amd64 0.1.5.9+cvs.2007.04.28-11build1 [55.1 kB]\n"}
,{"stream_name":"stdout","time":25.329778549,"data":"Get:146 http://archive.ubuntu.com/ubuntu jammy-updates/main amd64 libavahi-glib1 amd64 0.8-5ubuntu5.5 [8,302 B]\n"}
,{"stream_name":"stdout","time":25.330185774,"data":"Get:147 http://archive.ubuntu.com/ubuntu jammy/main amd64 libjson-glib-1.0-common all 1.6.6-1build1 [4,432 B]\n"}
,{"stream_name":"stdout","time":25.439971477,"data":"Get:148 http://archive.ubuntu.com/ubuntu jammy/main amd64 libjson-glib-1.0-0 amd64 1.6.6-1build1 [69.9 kB]\n"}
,{"stream_name":"stdout","time":25.441426972,"data":"Get:149 http://archive.ubuntu.com/ubuntu jammy-updates/main amd64 libmm-glib0 amd64 1.20.0-1~ubuntu22.04.4 [262 kB]\n"}
,{"stream_name":"stdout","time":25.614499896,"data":"Get:150 http://archive.ubuntu.com/ubuntu jammy-updates/main amd64 libnotify4 amd64 0.7.9-3ubuntu5.22.04.1 [20.3 kB]\n"}
,{"stream_name":"stdout","time":25.615483313,"data":"Get:151 http://archive.ubuntu.com/ubuntu jammy/main amd64 libproxy1v5 amd64 0.4.17-2 [51.9 kB]\n"}
,{"stream_name":"stdout","time":25.616928299,"data":"Get:152 http://archive.ubuntu.com/ubuntu jammy/main amd64 glib-networking-common all 2.72.0-1 [3,718 B]\n"}
,{"stream_name":"stdout","time":25.617077256,"data":"Get:153 http://archive.ubuntu.com/ubuntu jammy/main amd64 glib-networking-services amd64 2.72.0-1 [9,982 B]\n"}
,{"stream_name":"stdout","time":25.618009082,"data":"Get:154 http://archive.ubuntu.com/ubuntu jammy/main amd64 glib-networking amd64 2.72.0-1 [69.8 kB]\n"}
,{"stream_name":"stdout","time":25.619422782,"data":"Get:155 http://archive.ubuntu.com/ubuntu jammy-updates/main amd64 libsoup2.4-common all 2.74.2-3ubuntu0.8 [5,158 B]\n"}
,{"stream_name":"stdout","time":25.619884686,"data":"Get:156 http://archive.ubuntu.com/ubuntu jammy-updates/main amd64 libsoup2.4-1 amd64 2.74.2-3ubuntu0.8 [288 kB]\n"}
,{"stream_name":"stdout","time":25.629667701,"data":"Get:157 http://archive.ubuntu.com/ubuntu jammy/main amd64 geoclue-2.0 amd64 2.5.7-3ubuntu3 [111 kB]\n"}
,{"stream_name":"stdout","time":25.78892004,"data":"Get:158 http://archive.ubuntu.com/ubuntu jammy/main amd64 libcdparanoia0 amd64 3.10.2+debian-14build2 [49.3 kB]\n"}
,{"stream_name":"stdout","time":25.790166168,"data":"Get:159 http://archive.ubuntu.com/ubuntu jammy/main amd64 libvisual-0.4-0 amd64 0.4.0-17build2 [108 kB]\n"}
,{"stream_name":"stdout","time":25.963473026,"data":"Get:160 http://archive.ubuntu.com/ubuntu jammy-updates/main amd64 gstreamer1.0-plugins-base amd64 1.20.1-1ubuntu0.7 [712 kB]\n"}
,{"stream_name":"stdout","time":25.986776482,"data":"Get:161 http://archive.ubuntu.com/ubuntu jammy/universe amd64 gyp all 0.1+20210831gitd6c5dd5-5 [238 kB]\n"}
,{"stream_name":"stdout","time":25.994797699,"data":"Get:162 http://archive.ubuntu.com/ubuntu jammy/main amd64 iio-sensor-proxy amd64 3.3-0ubuntu6 [34.4 kB]\n"}
,{"stream_name":"stdout","time":25.995640664,"data":"Get:163 http://archive.ubuntu.com/ubuntu jammy/main amd64 javascript-common all 11+nmu1 [5,936 B]\n"}
,{"stream_name":"stdout","time":25.996329994,"data":"Get:164 http://archive.ubuntu.com/ubuntu jammy/main amd64 libatk1.0-data all 2.36.0-3build1 [2,824 B]\n"}
,{"stream_name":"stdout","time":25.996695657,"data":"Get:165 http://archive.ubuntu.com/ubuntu jammy/main amd64 libatk1.0-0 amd64 2.36.0-3build1 [51.9 kB]\n"}
,{"stream_name":"stdout","time":25.997959606,"data":"Get:166 http://archive.ubuntu.com/ubuntu jammy/main amd64 libatk-bridge2.0-0 amd64 2.38.0-3 [66.6 kB]\n"}
,{"stream_name":"stdout","time":26.000130468,"data":"Get:167 http://archive.ubuntu.com/ubuntu jammy/main amd64 libxcomposite1 amd64 1:0.4.5-1build2 [7,192 B]\n"}
,{"stream_name":"stdout","time":26.137778404,"data":"Get:168 http://archive.ubuntu.com/ubuntu jammy-updates/main amd64 libgtk-3-common all 3.24.33-1ubuntu2.2 [239 kB]\n"}
,{"stream_name":"stdout","time":26.14522543,"data":"Get:169 http://archive.ubuntu.com/ubuntu jammy-updates/main amd64 libgtk-3-0 amd64 3.24.33-1ubuntu2.2 [3,053 kB]\n"}
,{"stream_name":"stdout","time":26.312278253,"data":"Get:170 http://archive.ubuntu.com/ubuntu jammy-updates/main amd64 libgtk-3-bin amd64 3.24.33-1ubuntu2.2 [69.6 kB]\n"}
,{"stream_name":"stdout","time":26.314233886,"data":"Get:171 http://archive.ubuntu.com/ubuntu jammy/universe amd64 libjs-events all 3.3.0+~3.0.0-2 [9,734 B]\n"}
,{"stream_name":"stdout","time":26.314492926,"data":"Get:172 http://archive.ubuntu.com/ubuntu jammy/universe amd64 libjs-highlight.js all 9.18.5+dfsg1-1 [367 kB]\n"}
,{"stream_name":"stdout","time":26.326548896,"data":"Get:173 http://archive.ubuntu.com/ubuntu jammy/universe amd64 libjs-is-typedarray all 1.0.0-4 [3,804 B]\n"}
,{"stream_name":"stdout","time":26.326908953,"data":"Get:174 http://archive.ubuntu.com/ubuntu jammy/universe amd64 libjs-psl all 1.8.0+ds-6 [76.3 kB]\n"}
,{"stream_name":"stdout","time":26.328983286,"data":"Get:175 http://archive.ubuntu.com/ubuntu jammy/universe amd64 libjs-sprintf-js all 1.1.2+ds1+~1.1.2-1 [12.8 kB]\n"}
,{"stream_name":"stdout","time":26.330171364999998,"data":"Get:176 http://archive.ubuntu.com/ubuntu jammy/universe amd64 libjs-typedarray-to-buffer all 4.0.0-2 [4,658 B]\n"}
,{"stream_name":"stdout","time":26.330483404,"data":"Get:177 http://archive.ubuntu.com/ubuntu jammy-updates/main amd64 libmbim-glib4 amd64 1.28.0-1~ubuntu20.04.2 [192 kB]\n"}
,{"stream_name":"stdout","time":26.48703284,"data":"Get:178 http://archive.ubuntu.com/ubuntu jammy-updates/main amd64 libmbim-proxy amd64 1.28.0-1~ubuntu20.04.2 [6,160 B]\n"}
,{"stream_name":"stdout","time":26.487728254,"data":"Get:179 http://archive.ubuntu.com/ubuntu jammy/main amd64 libnl-genl-3-200 amd64 3.5.0-0.1 [12.4 kB]\n"}
,{"stream_name":"stdout","time":26.661709047,"data":"Get:180 http://archive.ubuntu.com/ubuntu jammy-updates/main amd64 libuv1-dev amd64 1.43.0-1ubuntu0.1 [130 kB]\n"}
,{"stream_name":"stdout","time":26.665472028,"data":"Get:181 http://archive.ubuntu.com/ubuntu jammy-updates/main amd64 libc-ares2 amd64 1.18.1-1ubuntu0.22.04.3 [45.1 kB]\n"}
,{"stream_name":"stdout","time":26.683868859,"data":"Get:182 http://archive.ubuntu.com/ubuntu jammy-updates/universe amd64 libnode72 amd64 12.22.9~dfsg-1ubuntu3.6 [10.8 MB]\n"}
,{"stream_name":"stdout","time":27.130574365,"data":"Get:183 http://archive.ubuntu.com/ubuntu jammy-updates/universe amd64 libnode-dev amd64 12.22.9~dfsg-1ubuntu3.6 [609 kB]\n"}
,{"stream_name":"stdout","time":27.148476077,"data":"Get:184 http://archive.ubuntu.com/ubuntu jammy-updates/main amd64 libnotify-bin amd64 0.7.9-3ubuntu5.22.04.1 [7,560 B]\n"}
,{"stream_name":"stdout","time":27.148916272,"data":"Get:185 http://archive.ubuntu.com/ubuntu jammy/main amd64 libnss-mdns amd64 0.15.1-1ubuntu1 [27.0 kB]\n"}
,{"stream_name":"stdout","time":27.149947316,"data":"Get:186 http://archive.ubuntu.com/ubuntu jammy-updates/main amd64 libqmi-glib5 amd64 1.32.0-1ubuntu0.22.04.1 [772 kB]\n"}
,{"stream_name":"stdout","time":27.21158601,"data":"Get:187 http://archive.ubuntu.com/ubuntu jammy-updates/main amd64 libqmi-proxy amd64 1.32.0-1ubuntu0.22.04.1 [6,072 B]\n"}
,{"stream_name":"stdout","time":27.211763261,"data":"Get:188 http://archive.ubuntu.com/ubuntu jammy/main amd64 libwacom-bin amd64 2.2.0-1 [13.6 kB]\n"}
,{"stream_name":"stdout","time":27.213223805,"data":"Get:189 http://archive.ubuntu.com/ubuntu jammy-updates/main amd64 modemmanager amd64 1.20.0-1~ubuntu22.04.4 [1,094 kB]\n"}
,{"stream_name":"stdout","time":27.251495905,"data":"Get:190 http://archive.ubuntu.com/ubuntu jammy-updates/universe amd64 nodejs amd64 12.22.9~dfsg-1ubuntu3.6 [122 kB]\n"}
,{"stream_name":"stdout","time":27.254370142,"data":"Get:191 http://archive.ubuntu.com/ubuntu jammy/universe amd64 node-abab all 2.0.5-2 [6,578 B]\n"}
,{"stream_name":"stdout","time":27.310366716,"data":"Get:192 http://archive.ubuntu.com/ubuntu jammy/universe amd64 node-ms all 2.1.3+~cs0.7.31-2 [5,782 B]\n"}
,{"stream_name":"stdout","time":27.43007872,"data":"Get:193 http://archive.ubuntu.com/ubuntu jammy/universe amd64 node-debug all 4.3.2+~cs4.1.7-1 [17.6 kB]\n"}
,{"stream_name":"stdout","time":27.431149174,"data":"Get:194 http://archive.ubuntu.com/ubuntu jammy/universe amd64 node-yallist all 4.0.0+~4.0.1-1 [8,322 B]\n"}
,{"stream_name":"stdout","time":27.431670175,"data":"Get:195 http://archive.ubuntu.com/ubuntu jammy/universe amd64 node-lru-cache all 6.0.0+~5.1.1-1 [11.3 kB]\n"}
,{"stream_name":"stdout","time":27.432350014,"data":"Get:196 http://archive.ubuntu.com/ubuntu jammy/universe amd64 node-semver all 7.3.5+~7.3.8-1 [41.5 kB]\n"}
,{"stream_name":"stdout","time":27.43345784,"data":"Get:197 http://archive.ubuntu.com/ubuntu jammy/universe amd64 node-agent-base all 6.0.2+~cs5.4.2-1 [17.9 kB]\n"}
,{"stream_name":"stdout","time":27.433972371,"data":"Get:198 http://archive.ubuntu.com/ubuntu jammy/universe amd64 node-ansi-regex all 5.0.1-1 [4,984 B]\n"}
,{"stream_name":"stdout","time":27.434435329,"data":"Get:199 http://archive.ubuntu.com/ubuntu jammy/universe amd64 node-ansistyles all 0.1.3-5 [4,546 B]\n"}
,{"stream_name":"stdout","time":27.435099476,"data":"Get:200 http://archive.ubuntu.com/ubuntu jammy/universe amd64 node-aproba all 2.0.0-2 [5,620 B]\n"}
,{"stream_name":"stdout","time":27.484467077,"data":"Get:201 http://archive.ubuntu.com/ubuntu jammy/universe amd64 node-delegates all 1.0.0-3 [4,280 B]\n"}
,{"stream_name":"stdout","time":27.61069267,"data":"Get:202 http://archive.ubuntu.com/ubuntu jammy/universe amd64 libjs-inherits all 2.0.4-4 [3,468 B]\n"}
,{"stream_name":"stdout","time":27.611308722,"data":"Get:203 http://archive.ubuntu.com/ubuntu jammy/universe amd64 node-inherits all 2.0.4-4 [3,010 B]\n"}
,{"stream_name":"stdout","time":27.611740962,"data":"Get:204 http://archive.ubuntu.com/ubuntu jammy/universe amd64 node-core-util-is all 1.0.3-1 [4,066 B]\n"}
,{"stream_name":"stdout","time":27.756093889,"data":"Get:205 http://archive.ubuntu.com/ubuntu jammy/universe amd64 node-safe-buffer all 5.2.1+~cs2.1.2-2 [15.7 kB]\n"}
,{"stream_name":"stdout","time":27.826347575,"data":"Get:206 http://archive.ubuntu.com/ubuntu jammy/universe amd64 node-string-decoder all 1.3.0-5 [7,046 B]\n"}
,{"stream_name":"stdout","time":27.838430233,"data":"Get:207 http://archive.ubuntu.com/ubuntu jammy/universe amd64 node-process-nextick-args all 2.0.1-2 [3,730 B]\n"}
,{"stream_name":"stdout","time":27.843415886,"data":"Get:208 http://archive.ubuntu.com/ubuntu jammy/universe amd64 node-util-deprecate all 1.0.2-3 [4,202 B]\n"}
,{"stream_name":"stdout","time":27.853352788,"data":"Get:209 http://archive.ubuntu.com/ubuntu jammy/universe amd64 node-isarray all 2.0.5-3 [3,934 B]\n"}
,{"stream_name":"stdout","time":27.858296329,"data":"Get:210 http://archive.ubuntu.com/ubuntu jammy/universe amd64 node-readable-stream all 3.6.0+~cs3.0.0-1 [32.6 kB]\n"}
,{"stream_name":"stdout","time":27.928971038,"data":"Get:211 http://archive.ubuntu.com/ubuntu jammy/universe amd64 node-are-we-there-yet all 3.0.0+~1.1.0-1 [8,920 B]\n"}
,{"stream_name":"stdout","time":27.94607618,"data":"Get:212 http://archive.ubuntu.com/ubuntu jammy/universe amd64 node-arrify all 2.0.1-2 [3,610 B]\n"}
,{"stream_name":"stdout","time":27.949952171,"data":"Get:213 http://archive.ubuntu.com/ubuntu jammy/universe amd64 node-asap all 2.0.6+~2.0.0-1 [14.4 kB]\n"}
,{"stream_name":"stdout","time":27.969414252,"data":"Get:214 http://archive.ubuntu.com/ubuntu jammy/universe amd64 node-asynckit all 0.4.0-4 [10.6 kB]\n"}
,{"stream_name":"stdout","time":27.98204397,"data":"Get:215 http://archive.ubuntu.com/ubuntu jammy/universe amd64 node-builtins all 4.0.0-1 [3,860 B]\n"}
,{"stream_name":"stdout","time":27.983966318,"data":"Get:216 http://archive.ubuntu.com/ubuntu jammy/universe amd64 node-chownr all 2.0.0-1 [4,404 B]\n"}
,{"stream_name":"stdout","time":27.988371109,"data":"Get:217 http://archive.ubuntu.com/ubuntu jammy/universe amd64 node-fs.realpath all 1.0.0-2 [6,106 B]\n"}
,{"stream_name":"stdout","time":27.992815442,"data":"Get:218 http://archive.ubuntu.com/ubuntu jammy/universe amd64 node-wrappy all 1.0.2-2 [3,658 B]\n"}
,{"stream_name":"stdout","time":27.994924625,"data":"Get:219 http://archive.ubuntu.com/ubuntu jammy/universe amd64 node-once all 1.4.0-4 [4,708 B]\n"}
,{"stream_name":"stdout","time":28.051404366,"data":"Get:220 http://archive.ubuntu.com/ubuntu jammy/universe amd64 node-inflight all 1.0.6-2 [3,940 B]\n"}
,{"stream_name":"stdout","time":28.052338621,"data":"Get:221 http://archive.ubuntu.com/ubuntu jammy/universe amd64 node-balanced-match all 2.0.0-1 [4,910 B]\n"}
,{"stream_name":"stdout","time":28.05531885,"data":"Get:222 http://archive.ubuntu.com/ubuntu jammy/universe amd64 node-brace-expansion all 2.0.1-1 [7,458 B]\n"}
,{"stream_name":"stdout","time":28.058420179,"data":"Get:223 http://archive.ubuntu.com/ubuntu jammy/universe amd64 node-minimatch all 3.1.1+~3.0.5-1 [16.9 kB]\n"}
,{"stream_name":"stdout","time":28.121364225,"data":"Get:224 http://archive.ubuntu.com/ubuntu jammy/universe amd64 node-path-is-absolute all 2.0.0-2 [4,062 B]\n"}
,{"stream_name":"stdout","time":28.122695384,"data":"Get:225 http://archive.ubuntu.com/ubuntu jammy/universe amd64 node-glob all 7.2.1+~cs7.6.15-1 [131 kB]\n"}
,{"stream_name":"stdout","time":28.174095867,"data":"Get:226 http://archive.ubuntu.com/ubuntu jammy/universe amd64 node-graceful-fs all 4.2.4+repack-1 [12.5 kB]\n"}
,{"stream_name":"stdout","time":28.17925467,"data":"Get:227 http://archive.ubuntu.com/ubuntu jammy/universe amd64 node-mkdirp all 1.0.4+~1.0.2-1 [11.4 kB]\n"}
,{"stream_name":"stdout","time":28.18388881,"data":"Get:228 http://archive.ubuntu.com/ubuntu jammy/universe amd64 node-iferr all 1.0.2+~1.0.2-1 [4,610 B]\n"}
,{"stream_name":"stdout","time":28.18616595,"data":"Get:229 http://archive.ubuntu.com/ubuntu jammy/universe amd64 node-imurmurhash all 0.1.4+dfsg+~0.1.1-1 [8,510 B]\n"}
,{"stream_name":"stdout","time":28.191253241,"data":"Get:230 http://archive.ubuntu.com/ubuntu jammy/universe amd64 node-fs-write-stream-atomic all 1.0.10-5 [5,256 B]\n"}
,{"stream_name":"stdout","time":28.192655618,"data":"Get:231 http://archive.ubuntu.com/ubuntu jammy/universe amd64 node-rimraf all 3.0.2-1 [10.1 kB]\n"}
,{"stream_name":"stdout","time":28.196593737,"data":"Get:232 http://archive.ubuntu.com/ubuntu jammy/universe amd64 node-run-queue all 2.0.0-2 [5,092 B]\n"}
,{"stream_name":"stdout","time":28.198847299,"data":"Get:233 http://archive.ubuntu.com/ubuntu jammy/universe amd64 node-copy-concurrently all 1.0.5-8 [7,118 B]\n"}
,{"stream_name":"stdout","time":28.261326054,"data":"Get:234 http://archive.ubuntu.com/ubuntu jammy/universe amd64 node-move-concurrently all 1.0.1-4 [5,120 B]\n"}
,{"stream_name":"stdout","time":28.262094342,"data":"Get:235 http://archive.ubuntu.com/ubuntu jammy/universe amd64 node-escape-string-regexp all 4.0.0-2 [4,328 B]\n"}
,{"stream_name":"stdout","time":28.262891702,"data":"Get:236 http://archive.ubuntu.com/ubuntu jammy/universe amd64 node-indent-string all 4.0.0-2 [4,122 B]\n"}
,{"stream_name":"stdout","time":28.264140552,"data":"Get:237 http://archive.ubuntu.com/ubuntu jammy/universe amd64 node-p-map all 4.0.0+~3.1.0+~3.0.1-1 [8,058 B]\n"}
,{"stream_name":"stdout","time":28.264374395,"data":"Get:238 http://archive.ubuntu.com/ubuntu jammy/universe amd64 node-promise-inflight all 1.0.1+~1.0.0-1 [4,896 B]\n"}
,{"stream_name":"stdout","time":28.264681493,"data":"Get:239 http://archive.ubuntu.com/ubuntu jammy/universe amd64 node-ssri all 8.0.1-2 [19.6 kB]\n"}
,{"stream_name":"stdout","time":28.331419521,"data":"Get:240 http://archive.ubuntu.com/ubuntu jammy/universe amd64 node-unique-filename all 1.1.1+ds-1 [3,832 B]\n"}
,{"stream_name":"stdout","time":28.332159826,"data":"Get:241 http://archive.ubuntu.com/ubuntu jammy/universe amd64 node-cacache all 15.0.5+~cs13.9.21-3 [34.9 kB]\n"}
,{"stream_name":"stdout","time":28.33585226,"data":"Get:242 http://archive.ubuntu.com/ubuntu jammy/universe amd64 node-clean-yaml-object all 0.1.0-5 [4,718 B]\n"}
,{"stream_name":"stdout","time":28.336944215,"data":"Get:243 http://archive.ubuntu.com/ubuntu jammy/universe amd64 node-clone all 2.1.2-3 [8,344 B]\n"}
,{"stream_name":"stdout","time":28.401451184,"data":"Get:244 http://archive.ubuntu.com/ubuntu jammy/universe amd64 node-color-name all 1.1.4+~1.1.1-2 [6,076 B]\n"}
,{"stream_name":"stdout","time":28.402060668,"data":"Get:245 http://archive.ubuntu.com/ubuntu jammy/universe amd64 node-color-convert all 2.0.1-1 [10.2 kB]\n"}
,{"stream_name":"stdout","time":28.402847644,"data":"Get:246 http://archive.ubuntu.com/ubuntu jammy/universe amd64 node-colors all 1.4.0-3 [12.3 kB]\n"}
,{"stream_name":"stdout","time":28.404382053,"data":"Get:247 http://archive.ubuntu.com/ubuntu jammy/universe amd64 node-strip-ansi all 6.0.1-1 [4,184 B]\n"}
,{"stream_name":"stdout","time":28.405093584,"data":"Get:248 http://archive.ubuntu.com/ubuntu jammy/universe amd64 node-defaults all 1.0.3+~1.0.3-1 [4,288 B]\n"}
,{"stream_name":"stdout","time":28.405771065,"data":"Get:249 http://archive.ubuntu.com/ubuntu jammy/universe amd64 node-wcwidth.js all 1.0.2-1 [7,278 B]\n"}
,{"stream_name":"stdout","time":28.471461085,"data":"Get:250 http://archive.ubuntu.com/ubuntu jammy/universe amd64 node-columnify all 1.5.4+~1.5.1-1 [12.6 kB]\n"}
,{"stream_name":"stdout","time":28.472390374,"data":"Get:251 http://archive.ubuntu.com/ubuntu jammy/universe amd64 node-console-control-strings all 1.1.0-2 [5,428 B]\n"}
,{"stream_name":"stdout","time":28.473365454,"data":"Get:252 http://archive.ubuntu.com/ubuntu jammy/universe amd64 node-growl all 1.10.5-4 [7,064 B]\n"}
,{"stream_name":"stdout","time":28.474145585,"data":"Get:253 http://archive.ubuntu.com/ubuntu jammy/universe amd64 node-sprintf-js all 1.1.2+ds1+~1.1.2-1 [3,916 B]\n"}
,{"stream_name":"stdout","time":28.541225355,"data":"Get:254 http://archive.ubuntu.com/ubuntu jammy/universe amd64 node-argparse all 2.0.1-2 [33.2 kB]\n"}
,{"stream_name":"stdout","time":28.545522806,"data":"Get:255 http://archive.ubuntu.com/ubuntu jammy/universe amd64 node-esprima all 4.0.1+ds+~4.0.3-2 [69.3 kB]\n"}
,{"stream_name":"stdout","time":28.554535215,"data":"Get:256 http://archive.ubuntu.com/ubuntu jammy/universe amd64 node-js-yaml all 4.1.0+dfsg+~4.0.5-6 [62.7 kB]\n"}
,{"stream_name":"stdout","time":28.563645479,"data":"Get:257 http://archive.ubuntu.com/ubuntu jammy/universe amd64 node-lcov-parse all 1.0.0+20170612git80d039574ed9-5 [5,084 B]\n"}
,{"stream_name":"stdout","time":28.564045892,"data":"Get:258 http://archive.ubuntu.com/ubuntu jammy/universe amd64 node-log-driver all 1.2.7+git+20180219+bba1761737-7 [5,436 B]\n"}
,{"stream_name":"stdout","time":28.564971836,"data":"Get:259 http://archive.ubuntu.com/ubuntu jammy/universe amd64 node-is-plain-obj all 3.0.0-2 [3,994 B]\n"}
,{"stream_name":"stdout","time":28.611137916,"data":"Get:260 http://archive.ubuntu.com/ubuntu jammy/universe amd64 node-is-buffer all 2.0.5-2 [4,128 B]\n"}
,{"stream_name":"stdout","time":28.611792183,"data":"Get:261 http://archive.ubuntu.com/ubuntu jammy/universe amd64 node-kind-of all 6.0.3+dfsg-2 [8,628 B]\n"}
,{"stream_name":"stdout","time":28.612614197,"data":"Get:262 http://archive.ubuntu.com/ubuntu jammy/universe amd64 node-minimist all 1.2.5+~cs5.3.2-1 [9,434 B]\n"}
,{"stream_name":"stdout","time":28.613717102,"data":"Get:263 http://archive.ubuntu.com/ubuntu jammy/universe amd64 node-cssom all 0.4.4-3 [14.1 kB]\n"}
,{"stream_name":"stdout","time":28.681489761999998,"data":"Get:264 http://archive.ubuntu.com/ubuntu jammy/universe amd64 node-cssstyle all 2.3.0-2 [30.3 kB]\n"}
,{"stream_name":"stdout","time":28.684869872,"data":"Get:265 http://archive.ubuntu.com/ubuntu jammy/universe amd64 node-delayed-stream all 1.0.0-5 [5,464 B]\n"}
,{"stream_name":"stdout","time":28.685253586,"data":"Get:266 http://archive.ubuntu.com/ubuntu jammy/universe amd64 node-combined-stream all 1.0.8+~1.0.3-1 [7,432 B]\n"}
,{"stream_name":"stdout","time":28.686061467000002,"data":"Get:267 http://archive.ubuntu.com/ubuntu jammy/universe amd64 node-mime all 3.0.0+dfsg+~cs3.96.1-1 [38.1 kB]\n"}
,{"stream_name":"stdout","time":28.691393822,"data":"Get:268 http://archive.ubuntu.com/ubuntu jammy/universe amd64 node-mime-types all 2.1.33-1 [6,944 B]\n"}
,{"stream_name":"stdout","time":28.692141449,"data":"Get:269 http://archive.ubuntu.com/ubuntu jammy/universe amd64 node-form-data all 3.0.1-1 [13.4 kB]\n"}
,{"stream_name":"stdout","time":28.751379067,"data":"Get:270 http://archive.ubuntu.com/ubuntu jammy/universe amd64 node-events all 3.3.0+~3.0.0-2 [3,090 B]\n"}
,{"stream_name":"stdout","time":28.752325044,"data":"Get:271 http://archive.ubuntu.com/ubuntu jammy/universe amd64 node-https-proxy-agent all 5.0.0+~cs8.0.0-3 [16.4 kB]\n"}
,{"stream_name":"stdout","time":28.753997914,"data":"Get:272 http://archive.ubuntu.com/ubuntu jammy/universe amd64 node-iconv-lite all 0.6.3-2 [167 kB]\n"}
,{"stream_name":"stdout","time":28.774963087,"data":"Get:273 http://archive.ubuntu.com/ubuntu jammy/universe amd64 node-lodash-packages all 4.17.21+dfsg+~cs8.31.198.20210220-5 [166 kB]\n"}
,{"stream_name":"stdout","time":28.821474854999998,"data":"Get:274 http://archive.ubuntu.com/ubuntu jammy/universe amd64 node-stealthy-require all 1.1.1-5 [7,176 B]\n"}
,{"stream_name":"stdout","time":28.822396247,"data":"Get:275 http://archive.ubuntu.com/ubuntu jammy/universe amd64 node-punycode all 2.1.1-5 [9,902 B]\n"}
,{"stream_name":"stdout","time":28.822652402,"data":"Get:276 http://archive.ubuntu.com/ubuntu jammy/universe amd64 node-psl all 1.8.0+ds-6 [39.6 kB]\n"}
,{"stream_name":"stdout","time":28.82789033,"data":"Get:277 http://archive.ubuntu.com/ubuntu jammy/universe amd64 node-universalify all 2.0.0-3 [4,266 B]\n"}
,{"stream_name":"stdout","time":28.828805086,"data":"Get:278 http://archive.ubuntu.com/ubuntu jammy/universe amd64 node-tough-cookie all 4.0.0-2 [31.7 kB]\n"}
,{"stream_name":"stdout","time":28.832960459,"data":"Get:279 http://archive.ubuntu.com/ubuntu jammy/universe amd64 node-webidl-conversions all 7.0.0~1.1.0+~cs15.1.20180823-2 [27.5 kB]\n"}
,{"stream_name":"stdout","time":28.891528139000002,"data":"Get:280 http://archive.ubuntu.com/ubuntu jammy/universe amd64 node-commander all 9.0.0-2 [48.0 kB]\n"}
,{"stream_name":"stdout","time":28.894771448,"data":"Get:281 http://archive.ubuntu.com/ubuntu jammy/universe amd64 node-mute-stream all 0.0.8+~0.0.1-1 [6,448 B]\n"}
,{"stream_name":"stdout","time":28.895212533,"data":"Get:282 http://archive.ubuntu.com/ubuntu jammy/universe amd64 node-read all 1.0.7-3 [5,478 B]\n"}
,{"stream_name":"stdout","time":28.895828301999998,"data":"Get:283 http://archive.ubuntu.com/ubuntu jammy/universe amd64 node-ws all 8.5.0+~cs13.3.3-2 [49.5 kB]\n"}
,{"stream_name":"stdout","time":28.961636406,"data":"Get:284 http://archive.ubuntu.com/ubuntu jammy/universe amd64 node-jsdom all 19.0.0+~cs90.11.27-1 [446 kB]\n"}
,{"stream_name":"stdout","time":28.990986942,"data":"Get:285 http://archive.ubuntu.com/ubuntu jammy/universe amd64 node-fetch all 2.6.7+~2.5.12-1 [27.1 kB]\n"}
,{"stream_name":"stdout","time":28.99331831,"data":"Get:286 http://archive.ubuntu.com/ubuntu jammy/universe amd64 node-coveralls all 3.1.1-1 [14.2 kB]\n"}
,{"stream_name":"stdout","time":28.994111968,"data":"Get:287 http://archive.ubuntu.com/ubuntu jammy/universe amd64 node-mimic-response all 3.1.0-7 [5,430 B]\n"}
,{"stream_name":"stdout","time":28.994529188,"data":"Get:288 http://archive.ubuntu.com/ubuntu jammy/universe amd64 node-decompress-response all 6.0.0-2 [4,656 B]\n"}
,{"stream_name":"stdout","time":28.995019465,"data":"Get:289 http://archive.ubuntu.com/ubuntu jammy/universe amd64 node-diff all 5.0.0~dfsg+~5.0.1-3 [77.4 kB]\n"}
,{"stream_name":"stdout","time":29.031663493,"data":"Get:290 http://archive.ubuntu.com/ubuntu jammy/universe amd64 node-err-code all 2.0.3+dfsg-3 [4,918 B]\n"}
,{"stream_name":"stdout","time":29.032178156,"data":"Get:291 http://archive.ubuntu.com/ubuntu jammy/universe amd64 node-time-stamp all 2.2.0-1 [5,984 B]\n"}
,{"stream_name":"stdout","time":29.033349584,"data":"Get:292 http://archive.ubuntu.com/ubuntu jammy/universe amd64 node-fancy-log all 1.3.3+~cs1.3.1-2 [8,102 B]\n"}
,{"stream_name":"stdout","time":29.033608759,"data":"Get:293 http://archive.ubuntu.com/ubuntu jammy/universe amd64 node-signal-exit all 3.0.6+~3.0.1-1 [7,000 B]\n"}
,{"stream_name":"stdout","time":29.101870502,"data":"Get:294 http://archive.ubuntu.com/ubuntu jammy/universe amd64 node-foreground-child all 2.0.0-3 [5,542 B]\n"}
,{"stream_name":"stdout","time":29.104268317,"data":"Get:295 http://archive.ubuntu.com/ubuntu jammy/universe amd64 node-function-bind all 1.1.1+repacked+~1.0.3-1 [5,244 B]\n"}
,{"stream_name":"stdout","time":29.104973169,"data":"Get:296 http://archive.ubuntu.com/ubuntu jammy/universe amd64 node-has-unicode all 2.0.1-4 [3,948 B]\n"}
,{"stream_name":"stdout","time":29.105006172,"data":"Get:297 http://archive.ubuntu.com/ubuntu jammy/universe amd64 node-ansi-styles all 4.3.0+~4.2.0-1 [8,968 B]\n"}
,{"stream_name":"stdout","time":29.105012114,"data":"Get:298 http://archive.ubuntu.com/ubuntu jammy/universe amd64 node-slice-ansi all 5.0.0+~cs9.0.0-4 [8,044 B]\n"}
,{"stream_name":"stdout","time":29.105017248,"data":"Get:299 http://archive.ubuntu.com/ubuntu jammy/universe amd64 node-string-width all 4.2.3+~cs13.2.3-1 [11.4 kB]\n"}
,{"stream_name":"stdout","time":29.171922526,"data":"Get:300 http://archive.ubuntu.com/ubuntu jammy/universe amd64 node-wide-align all 1.1.3-4 [4,228 B]\n"}
,{"stream_name":"stdout","time":29.172470126,"data":"Get:301 http://archive.ubuntu.com/ubuntu jammy/universe amd64 node-gauge all 4.0.2-1 [16.3 kB]\n"}
,{"stream_name":"stdout","time":29.173348691,"data":"Get:302 http://archive.ubuntu.com/ubuntu jammy/universe amd64 node-end-of-stream all 1.4.4+~1.4.1-1 [5,340 B]\n"}
,{"stream_name":"stdout","time":29.173787495,"data":"Get:303 http://archive.ubuntu.com/ubuntu jammy/universe amd64 node-pump all 3.0.0-5 [5,160 B]\n"}
,{"stream_name":"stdout","time":29.242029358,"data":"Get:304 http://archive.ubuntu.com/ubuntu jammy/universe amd64 node-get-stream all 6.0.1-1 [7,324 B]\n"}
,{"stream_name":"stdout","time":29.242966713,"data":"Get:305 http://archive.ubuntu.com/ubuntu jammy/universe amd64 node-lowercase-keys all 2.0.0-2 [3,754 B]\n"}
,{"stream_name":"stdout","time":29.553707829,"data":"Get:306 http://archive.ubuntu.com/ubuntu jammy/universe amd64 node-json-buffer all 3.0.1-1 [3,812 B]\n"}
,{"stream_name":"stdout","time":29.711061296,"data":"Get:307 http://archive.ubuntu.com/ubuntu jammy/universe amd64 node-p-cancelable all 2.1.1-1 [7,358 B]\n"}
,{"stream_name":"stdout","time":29.711681883,"data":"Get:308 http://archive.ubuntu.com/ubuntu jammy/universe amd64 node-quick-lru all 5.1.1-1 [5,532 B]\n"}
,{"stream_name":"stdout","time":29.733272825,"data":"Get:309 http://archive.ubuntu.com/ubuntu jammy/universe amd64 node-got all 11.8.3+~cs58.7.37-1 [122 kB]\n"}
,{"stream_name":"stdout","time":30.205183772,"data":"Get:310 http://archive.ubuntu.com/ubuntu jammy/universe amd64 node-has-flag all 4.0.0-2 [4,228 B]\n"}
,{"stream_name":"stdout","time":30.212880378,"data":"Get:311 http://archive.ubuntu.com/ubuntu jammy/universe amd64 node-hosted-git-info all 4.0.2-1 [9,006 B]\n"}
,{"stream_name":"stdout","time":30.224140626,"data":"Get:312 http://archive.ubuntu.com/ubuntu jammy/universe amd64 node-ip all 1.1.5+~1.1.0-1 [8,140 B]\n"}
,{"stream_name":"stdout","time":30.235391915,"data":"Get:313 http://archive.ubuntu.com/ubuntu jammy/universe amd64 node-ip-regex all 4.3.0+~4.1.1-1 [5,254 B]\n"}
,{"stream_name":"stdout","time":30.242390841,"data":"Get:314 http://archive.ubuntu.com/ubuntu jammy/universe amd64 node-is-typedarray all 1.0.0-4 [2,072 B]\n"}
,{"stream_name":"stdout","time":30.245953256,"data":"Get:315 http://archive.ubuntu.com/ubuntu jammy/universe amd64 node-isexe all 2.0.0+~2.0.1-4 [6,102 B]\n"}
,{"stream_name":"stdout","time":30.253806522,"data":"Get:316 http://archive.ubuntu.com/ubuntu jammy/universe amd64 node-json-parse-better-errors all 1.0.2+~cs3.3.1-1 [7,328 B]\n"}
,{"stream_name":"stdout","time":30.260592719,"data":"Get:317 http://archive.ubuntu.com/ubuntu jammy/universe amd64 node-encoding all 0.1.13-2 [4,366 B]\n"}
,{"stream_name":"stdout","time":30.267309565,"data":"Get:318 http://archive.ubuntu.com/ubuntu jammy/universe amd64 node-jsonparse all 1.3.1-10 [8,060 B]\n"}
,{"stream_name":"stdout","time":30.359527738,"data":"Get:319 http://archive.ubuntu.com/ubuntu jammy/universe amd64 node-minipass all 3.1.6+~cs8.7.18-1 [32.9 kB]\n"}
,{"stream_name":"stdout","time":30.431956023,"data":"Get:320 http://archive.ubuntu.com/ubuntu jammy/universe amd64 node-npm-bundled all 1.1.2-1 [6,228 B]\n"}
,{"stream_name":"stdout","time":30.43429513,"data":"Get:321 http://archive.ubuntu.com/ubuntu jammy/universe amd64 node-osenv all 0.1.5+~0.1.0-1 [5,896 B]\n"}
,{"stream_name":"stdout","time":30.437787012,"data":"Get:322 http://archive.ubuntu.com/ubuntu jammy/universe amd64 node-validate-npm-package-name all 3.0.0-4 [5,058 B]\n"}
,{"stream_name":"stdout","time":30.44078154,"data":"Get:323 http://archive.ubuntu.com/ubuntu jammy/universe amd64 node-npm-package-arg all 8.1.5-1 [8,132 B]\n"}
,{"stream_name":"stdout","time":30.445771546,"data":"Get:324 http://archive.ubuntu.com/ubuntu jammy/universe amd64 node-object-assign all 4.1.1-6 [4,754 B]\n"}
,{"stream_name":"stdout","time":30.448910984,"data":"Get:325 http://archive.ubuntu.com/ubuntu jammy/universe amd64 node-opener all 1.5.2+~1.4.0-1 [6,000 B]\n"}
,{"stream_name":"stdout","time":30.452088746,"data":"Get:326 http://archive.ubuntu.com/ubuntu jammy/universe amd64 node-retry all 0.13.1+~0.12.1-1 [11.5 kB]\n"}
,{"stream_name":"stdout","time":30.459271659,"data":"Get:327 http://archive.ubuntu.com/ubuntu jammy/universe amd64 node-promise-retry all 2.0.1-2 [5,010 B]\n"}
,{"stream_name":"stdout","time":30.513052685,"data":"Get:328 http://archive.ubuntu.com/ubuntu jammy/universe amd64 node-promzard all 0.3.0-2 [6,888 B]\n"}
,{"stream_name":"stdout","time":30.615658771,"data":"Get:329 http://archive.ubuntu.com/ubuntu jammy/universe amd64 node-set-blocking all 2.0.0-2 [3,766 B]\n"}
,{"stream_name":"stdout","time":30.616999524,"data":"Get:330 http://archive.ubuntu.com/ubuntu jammy/universe amd64 node-slash all 3.0.0-2 [3,922 B]\n"}
,{"stream_name":"stdout","time":30.618641934,"data":"Get:331 http://archive.ubuntu.com/ubuntu jammy/universe amd64 libjs-source-map all 0.7.0++dfsg2+really.0.6.1-9 [93.9 kB]\n"}
,{"stream_name":"stdout","time":30.673365124,"data":"Get:332 http://archive.ubuntu.com/ubuntu jammy/universe amd64 node-source-map all 0.7.0++dfsg2+really.0.6.1-9 [33.6 kB]\n"}
,{"stream_name":"stdout","time":30.692701692,"data":"Get:333 http://archive.ubuntu.com/ubuntu jammy/universe amd64 node-source-map-support all 0.5.21+ds+~0.5.4-1 [14.2 kB]\n"}
,{"stream_name":"stdout","time":30.700584486,"data":"Get:334 http://archive.ubuntu.com/ubuntu jammy/universe amd64 node-spdx-license-ids all 3.0.11-1 [7,306 B]\n"}
,{"stream_name":"stdout","time":30.705494973,"data":"Get:335 http://archive.ubuntu.com/ubuntu jammy/universe amd64 node-spdx-exceptions all 2.3.0-2 [3,978 B]\n"}
,{"stream_name":"stdout","time":30.70844881,"data":"Get:336 http://archive.ubuntu.com/ubuntu jammy/universe amd64 node-spdx-expression-parse all 3.0.1+~3.0.1-1 [7,658 B]\n"}
,{"stream_name":"stdout","time":30.711856587,"data":"Get:337 http://archive.ubuntu.com/ubuntu jammy/universe amd64 node-spdx-correct all 3.1.1-2 [5,476 B]\n"}
,{"stream_name":"stdout","time":30.82338135,"data":"Get:338 http://archive.ubuntu.com/ubuntu jammy/universe amd64 node-stack-utils all 2.0.5+~2.0.1-1 [9,368 B]\n"}
,{"stream_name":"stdout","time":30.827294383,"data":"Get:339 http://archive.ubuntu.com/ubuntu jammy/universe amd64 node-supports-color all 8.1.1+~8.1.1-1 [7,048 B]\n"}
,{"stream_name":"stdout","time":30.831438816,"data":"Get:340 http://archive.ubuntu.com/ubuntu jammy/universe amd64 node-tap-parser all 7.0.0+ds1-6 [19.4 kB]\n"}
,{"stream_name":"stdout","time":30.976761798,"data":"Get:341 http://archive.ubuntu.com/ubuntu jammy/universe amd64 node-tap-mocha-reporter all 3.0.7+ds-2 [39.2 kB]\n"}
,{"stream_name":"stdout","time":30.991826743,"data":"Get:342 http://archive.ubuntu.com/ubuntu jammy/universe amd64 node-text-table all 0.2.0-4 [4,762 B]\n"}
,{"stream_name":"stdout","time":30.992824637,"data":"Get:343 http://archive.ubuntu.com/ubuntu jammy/universe amd64 node-tmatch all 5.0.0-4 [6,002 B]\n"}
,{"stream_name":"stdout","time":30.996293085,"data":"Get:344 http://archive.ubuntu.com/ubuntu jammy/universe amd64 node-typedarray-to-buffer all 4.0.0-2 [2,242 B]\n"}
,{"stream_name":"stdout","time":30.996756336,"data":"Get:345 http://archive.ubuntu.com/ubuntu jammy/universe amd64 node-validate-npm-package-license all 3.0.4-2 [4,252 B]\n"}
,{"stream_name":"stdout","time":30.998424014,"data":"Get:346 http://archive.ubuntu.com/ubuntu jammy/universe amd64 node-whatwg-fetch all 3.6.2-5 [15.0 kB]\n"}
,{"stream_name":"stdout","time":31.004877701,"data":"Get:347 http://archive.ubuntu.com/ubuntu jammy/universe amd64 node-write-file-atomic all 3.0.3+~3.0.2-1 [7,690 B]\n"}
,{"stream_name":"stdout","time":31.130256847,"data":"Get:348 http://archive.ubuntu.com/ubuntu jammy-updates/universe amd64 nodejs-doc all 12.22.9~dfsg-1ubuntu3.6 [2,411 kB]\n"}
,{"stream_name":"stdout","time":31.66180928,"data":"Get:349 http://archive.ubuntu.com/ubuntu jammy/main amd64 python3-soupsieve all 2.3.1-1 [33.0 kB]\n"}
,{"stream_name":"stdout","time":31.663529527,"data":"Get:350 http://archive.ubuntu.com/ubuntu jammy/main amd64 python3-bs4 all 4.10.0-2 [79.1 kB]\n"}
,{"stream_name":"stdout","time":31.670125439,"data":"Get:351 http://archive.ubuntu.com/ubuntu jammy/main amd64 python3-chardet all 4.0.0-1 [98.0 kB]\n"}
,{"stream_name":"stdout","time":31.676915282,"data":"Get:352 http://archive.ubuntu.com/ubuntu jammy/main amd64 python3-webencodings all 0.5.1-4 [11.8 kB]\n"}
,{"stream_name":"stdout","time":31.677838422,"data":"Get:353 http://archive.ubuntu.com/ubuntu jammy/main amd64 python3-html5lib all 1.1-3 [87.0 kB]\n"}
,{"stream_name":"stdout","time":31.683815744,"data":"Get:354 http://archive.ubuntu.com/ubuntu jammy/main amd64 python3-olefile all 0.46-3 [33.8 kB]\n"}
,{"stream_name":"stdout","time":31.695052161,"data":"Get:355 http://archive.ubuntu.com/ubuntu jammy-updates/universe amd64 qt5-gtk-platformtheme amd64 5.15.3+dfsg-2ubuntu0.2 [130 kB]\n"}
,{"stream_name":"stdout","time":31.697694779,"data":"Get:356 http://archive.ubuntu.com/ubuntu jammy/universe amd64 qttranslations5-l10n all 5.15.3-1 [1,983 kB]\n"}
,{"stream_name":"stdout","time":31.80865079,"data":"Get:357 http://archive.ubuntu.com/ubuntu jammy-updates/main amd64 systemd-hwe-hwdb all 249.11.6 [3,668 B]\n"}
,{"stream_name":"stdout","time":31.816934184,"data":"Get:358 http://archive.ubuntu.com/ubuntu jammy-updates/main amd64 wpasupplicant amd64 2:2.10-6ubuntu2.4 [1,482 kB]\n"}
,{"stream_name":"stdout","time":31.970752786,"data":"Get:359 http://archive.ubuntu.com/ubuntu jammy/universe amd64 node-abbrev all 1.1.1+~1.1.2-1 [5,784 B]\n"}
,{"stream_name":"stdout","time":31.971753596,"data":"Get:360 http://archive.ubuntu.com/ubuntu jammy/universe amd64 node-archy all 1.0.0-4 [4,728 B]\n"}
,{"stream_name":"stdout","time":31.97178161,"data":"Get:361 http://archive.ubuntu.com/ubuntu jammy/universe amd64 node-chalk all 4.1.2-1 [15.9 kB]\n"}
,{"stream_name":"stdout","time":31.972594923,"data":"Get:362 http://archive.ubuntu.com/ubuntu jammy/universe amd64 node-cli-table all 0.3.11+~cs0.13.3-1 [23.2 kB]\n"}
,{"stream_name":"stdout","time":31.974009362,"data":"Get:363 http://archive.ubuntu.com/ubuntu jammy/universe amd64 node-depd all 2.0.0-2 [10.5 kB]\n"}
,{"stream_name":"stdout","time":31.974700845,"data":"Get:364 http://archive.ubuntu.com/ubuntu jammy/universe amd64 node-nopt all 5.0.0-2 [11.3 kB]\n"}
,{"stream_name":"stdout","time":31.975463401,"data":"Get:365 http://archive.ubuntu.com/ubuntu jammy/universe amd64 node-npmlog all 6.0.1+~4.1.4-1 [9,968 B]\n"}
,{"stream_name":"stdout","time":31.975976639,"data":"Get:366 http://archive.ubuntu.com/ubuntu jammy/universe amd64 node-tar all 6.1.11+ds1+~cs6.0.6-1 [38.8 kB]\n"}
,{"stream_name":"stdout","time":31.97733733,"data":"Get:367 http://archive.ubuntu.com/ubuntu jammy/universe amd64 node-which all 2.0.2+~cs1.3.2-2 [7,374 B]\n"}
,{"stream_name":"stdout","time":32.124143924,"data":"Get:368 http://archive.ubuntu.com/ubuntu jammy/universe amd64 node-gyp all 8.4.1-1 [34.7 kB]\n"}
,{"stream_name":"stdout","time":32.131771596,"data":"Get:369 http://archive.ubuntu.com/ubuntu jammy/universe amd64 node-ini all 2.0.1-1 [6,528 B]\n"}
,{"stream_name":"stdout","time":32.132293575,"data":"Get:370 http://archive.ubuntu.com/ubuntu jammy/universe amd64 node-negotiator all 0.6.2+~0.6.1-1 [10.3 kB]\n"}
,{"stream_name":"stdout","time":32.132802315,"data":"Get:371 http://archive.ubuntu.com/ubuntu jammy/universe amd64 node-resolve all 1.20.0+~cs5.27.9-1 [20.7 kB]\n"}
,{"stream_name":"stdout","time":32.133482854,"data":"Get:372 http://archive.ubuntu.com/ubuntu jammy/universe amd64 node-normalize-package-data all 3.0.3+~2.4.1-1 [12.8 kB]\n"}
,{"stream_name":"stdout","time":32.133865876,"data":"Get:373 http://archive.ubuntu.com/ubuntu jammy/universe amd64 node-read-package-json all 4.1.1-1 [10.4 kB]\n"}
,{"stream_name":"stdout","time":32.134601857,"data":"Get:374 http://archive.ubuntu.com/ubuntu jammy/universe amd64 node-tap all 12.0.1+ds-4 [43.6 kB]\n"}
,{"stream_name":"stdout","time":32.135322343,"data":"Get:375 http://archive.ubuntu.com/ubuntu jammy/universe amd64 npm all 8.5.1~ds-1 [894 kB]\n"}
,{"stream_name":"stdout","time":32.15092908,"data":"Get:376 http://archive.ubuntu.com/ubuntu jammy/main amd64 usb-modeswitch-data all 20191128-4 [33.2 kB]\n"}
,{"stream_name":"stdout","time":32.277771316,"data":"Get:377 http://archive.ubuntu.com/ubuntu jammy/main amd64 usb-modeswitch amd64 2.6.1-3ubuntu2 [46.0 kB]\n"}
,{"stream_name":"stdout","time":61.473275188,"data":"Fetched 262 MB in 18s (14.7 MB/s)\n"}
,{"stream_name":"stdout","time":62.724010794,"data":"(Reading database ... \r(Reading database ... 5%\r(Reading database ... 10%\r(Reading database ... 15%\r(Reading database ... 20%\r(Reading database ... 25%\r(Reading database ... 30%\r(Reading database ... 35%\r(Reading database ... 40%\r(Reading database ... 45%\r(Reading database ... 50%\r(Reading database ... 55%\r(Reading database ... 60%\r(Reading database ... 65%\r(Reading database ... 70%\r(Reading database ... 75%\r(Reading database ... 80%\r(Reading database ... 85%\r(Reading database ... 90%\r(Reading database ... 95%\r(Reading database ... 100%\r(Reading database ... 121026 files and directories currently installed.)\r\n"}
,{"stream_name":"stdout","time":62.728652609,"data":"Preparing to unpack .../systemd-sysv_249.11-0ubuntu3.22_amd64.deb ...\r\n"}
,{"stream_name":"stdout","time":62.780352757,"data":"Unpacking systemd-sysv (249.11-0ubuntu3.22) over (249.11-0ubuntu3.20) ...\r\n"}
,{"stream_name":"stdout","time":63.112281859,"data":"Preparing to unpack .../libpam-systemd_249.11-0ubuntu3.22_amd64.deb ...\r\n"}
,{"stream_name":"stdout","time":63.158188452,"data":"Unpacking libpam-systemd:amd64 (249.11-0ubuntu3.22) over (249.11-0ubuntu3.20) ...\r\n"}
,{"stream_name":"stdout","time":63.430686022,"data":"Preparing to unpack .../systemd_249.11-0ubuntu3.22_amd64.deb ...\r\n"}
,{"stream_name":"stdout","time":63.547173726,"data":"Unpacking systemd (249.11-0ubuntu3.22) over (249.11-0ubuntu3.20) ...\r\n"}
,{"stream_name":"stdout","time":71.544602458,"data":"Preparing to unpack .../libsystemd0_249.11-0ubuntu3.22_amd64.deb ...\r\n"}
,{"stream_name":"stdout","time":71.617308998,"data":"Unpacking libsystemd0:amd64 (249.11-0ubuntu3.22) over (249.11-0ubuntu3.20) ...\r\n"}
,{"stream_name":"stdout","time":71.86695688,"data":"Setting up libsystemd0:amd64 (249.11-0ubuntu3.22) ...\r\n"}
,{"stream_name":"stdout","time":72.107576621,"data":"(Reading database ... \r(Reading database ... 5%\r(Reading database ... 10%\r(Reading database ... 15%\r(Reading database ... 20%\r(Reading database ... 25%\r(Reading database ... 30%\r(Reading database ... 35%\r(Reading database ... 40%\r(Reading database ... 45%\r(Reading database ... 50%\r(Reading database ... 55%\r(Reading database ... 60%\r(Reading database ... 65%\r(Reading database ... 70%\r(Reading database ... 75%\r(Reading database ... 80%\r(Reading database ... 85%\r(Reading database ... 90%\r(Reading database ... 95%\r(Reading database ... 100%\r(Reading database ... 121026 files and directories currently installed.)\r\n"}
,{"stream_name":"stdout","time":72.112302094,"data":"Preparing to unpack .../00-libpython3.10-dev_3.10.12-1~22.04.18_amd64.deb ...\r\n"}
,{"stream_name":"stdout","time":72.159526881,"data":"Unpacking libpython3.10-dev:amd64 (3.10.12-1~22.04.18) over (3.10.12-1~22.04.15) ...\r\n"}
,{"stream_name":"stdout","time":75.042493933,"data":"Preparing to unpack .../01-libpython3.10_3.10.12-1~22.04.18_amd64.deb ...\r\n"}
,{"stream_name":"stdout","time":75.098582969,"data":"Unpacking libpython3.10:amd64 (3.10.12-1~22.04.18) over (3.10.12-1~22.04.15) ...\r\n"}
,{"stream_name":"stdout","time":75.409044903,"data":"Preparing to unpack .../02-python3.10_3.10.12-1~22.04.18_amd64.deb ...\r\n"}
,{"stream_name":"stdout","time":75.641200653,"data":"Unpacking python3.10 (3.10.12-1~22.04.18) over (3.10.12-1~22.04.15) ...\r\n"}
,{"stream_name":"stdout","time":76.040297248,"data":"Preparing to unpack .../03-libpython3.10-stdlib_3.10.12-1~22.04.18_amd64.deb ...\r\n"}
,{"stream_name":"stdout","time":76.163897356,"data":"Unpacking libpython3.10-stdlib:amd64 (3.10.12-1~22.04.18) over (3.10.12-1~22.04.15) ...\r\n"}
,{"stream_name":"stdout","time":80.698870602,"data":"Preparing to unpack .../04-python3.10-minimal_3.10.12-1~22.04.18_amd64.deb ...\r\n"}
,{"stream_name":"stdout","time":80.761468925,"data":"Unpacking python3.10-minimal (3.10.12-1~22.04.18) over (3.10.12-1~22.04.15) ...\r\n"}
,{"stream_name":"stdout","time":81.197528086,"data":"Preparing to unpack .../05-libpython3.10-minimal_3.10.12-1~22.04.18_amd64.deb ...\r\n"}
,{"stream_name":"stdout","time":81.349505104,"data":"Unpacking libpython3.10-minimal:amd64 (3.10.12-1~22.04.18) over (3.10.12-1~22.04.15) ...\r\n"}
,{"stream_name":"stdout","time":85.020871503,"data":"Selecting previously unselected package libavahi-core7:amd64.\r\n"}
,{"stream_name":"stdout","time":85.034835454,"data":"Preparing to unpack .../06-libavahi-core7_0.8-5ubuntu5.5_amd64.deb ...\r\n"}
,{"stream_name":"stdout","time":85.051141915,"data":"Unpacking libavahi-core7:amd64 (0.8-5ubuntu5.5) ...\r\n"}
,{"stream_name":"stdout","time":85.177787411,"data":"Selecting previously unselected package libdaemon0:amd64.\r\n"}
,{"stream_name":"stdout","time":85.192091245,"data":"Preparing to unpack .../07-libdaemon0_0.14-7.1ubuntu3_amd64.deb ...\r\n"}
,{"stream_name":"stdout","time":85.219337931,"data":"Unpacking libdaemon0:amd64 (0.14-7.1ubuntu3) ...\r\n"}
,{"stream_name":"stdout","time":85.35486922,"data":"Selecting previously unselected package avahi-daemon.\r\n"}
,{"stream_name":"stdout","time":85.369187878,"data":"Preparing to unpack .../08-avahi-daemon_0.8-5ubuntu5.5_amd64.deb ...\r\n"}
,{"stream_name":"stdout","time":85.398577952,"data":"Unpacking avahi-daemon (0.8-5ubuntu5.5) ...\r\n"}
,{"stream_name":"stdout","time":85.573513512,"data":"Selecting previously unselected package libdouble-conversion3:amd64.\r\n"}
,{"stream_name":"stdout","time":85.586991973,"data":"Preparing to unpack .../09-libdouble-conversion3_3.1.7-4_amd64.deb ...\r\n"}
,{"stream_name":"stdout","time":85.603277925,"data":"Unpacking libdouble-conversion3:amd64 (3.1.7-4) ...\r\n"}
,{"stream_name":"stdout","time":85.776727854,"data":"Selecting previously unselected package libqt5core5a:amd64.\r\n"}
,{"stream_name":"stdout","time":85.790297799,"data":"Preparing to unpack .../10-libqt5core5a_5.15.3+dfsg-2ubuntu0.2_amd64.deb ...\r\n"}
,{"stream_name":"stdout","time":85.815944985,"data":"Unpacking libqt5core5a:amd64 (5.15.3+dfsg-2ubuntu0.2) ...\r\n"}
,{"stream_name":"stdout","time":85.981547473,"data":"Selecting previously unselected package libevdev2:amd64.\r\n"}
,{"stream_name":"stdout","time":85.995909298,"data":"Preparing to unpack .../11-libevdev2_1.12.1+dfsg-1_amd64.deb ...\r\n"}
,{"stream_name":"stdout","time":86.024482214,"data":"Unpacking libevdev2:amd64 (1.12.1+dfsg-1) ...\r\n"}
,{"stream_name":"stdout","time":86.138527853,"data":"Selecting previously unselected package libmtdev1:amd64.\r\n"}
,{"stream_name":"stdout","time":86.152482432,"data":"Preparing to unpack .../12-libmtdev1_1.1.6-1build4_amd64.deb ...\r\n"}
,{"stream_name":"stdout","time":86.16969749,"data":"Unpacking libmtdev1:amd64 (1.1.6-1build4) ...\r\n"}
,{"stream_name":"stdout","time":86.300910665,"data":"Preparing to unpack .../13-libudev1_249.11-0ubuntu3.22_amd64.deb ...\r\n"}
,{"stream_name":"stdout","time":86.346721793,"data":"Unpacking libudev1:amd64 (249.11-0ubuntu3.22) over (249.11-0ubuntu3.20) ...\r\n"}
,{"stream_name":"stdout","time":86.551276978,"data":"Setting up libudev1:amd64 (249.11-0ubuntu3.22) ...\r\n"}
,{"stream_name":"stdout","time":86.732471142,"data":"Selecting previously unselected package libgudev-1.0-0:amd64.\r\n"}
,{"stream_name":"stdout","time":86.815315949,"data":"(Reading database ... \r(Reading database ... 5%\r(Reading database ... 10%\r(Reading database ... 15%\r(Reading database ... 20%\r(Reading database ... 25%\r(Reading database ... 30%\r(Reading database ... 35%\r(Reading database ... 40%\r(Reading database ... 45%\r(Reading database ... 50%\r(Reading database ... 55%\r(Reading database ... 60%\r(Reading database ... 65%\r(Reading database ... 70%\r(Reading database ... 75%\r(Reading database ... 80%\r(Reading database ... 85%\r(Reading database ... 90%\r(Reading database ... 95%\r(Reading database ... 100%\r(Reading database ... 121101 files and directories currently installed.)\r\n"}
,{"stream_name":"stdout","time":86.819644232,"data":"Preparing to unpack .../000-libgudev-1.0-0_1%3a237-2build1_amd64.deb ...\r\n"}
,{"stream_name":"stdout","time":86.834876782,"data":"Unpacking libgudev-1.0-0:amd64 (1:237-2build1) ...\r\n"}
,{"stream_name":"stdout","time":86.938190057,"data":"Selecting previously unselected package libwacom-common.\r\n"}
,{"stream_name":"stdout","time":86.951613714,"data":"Preparing to unpack .../001-libwacom-common_2.2.0-1_all.deb ...\r\n"}
,{"stream_name":"stdout","time":86.970173175,"data":"Unpacking libwacom-common (2.2.0-1) ...\r\n"}
,{"stream_name":"stdout","time":87.166977258,"data":"Selecting previously unselected package libwacom9:amd64.\r\n"}
,{"stream_name":"stdout","time":87.18212652,"data":"Preparing to unpack .../002-libwacom9_2.2.0-1_amd64.deb ...\r\n"}
,{"stream_name":"stdout","time":87.199657839,"data":"Unpacking libwacom9:amd64 (2.2.0-1) ...\r\n"}
,{"stream_name":"stdout","time":87.310700303,"data":"Selecting previously unselected package libinput-bin.\r\n"}
,{"stream_name":"stdout","time":87.324227924,"data":"Preparing to unpack .../003-libinput-bin_1.20.0-1ubuntu0.4_amd64.deb ...\r\n"}
,{"stream_name":"stdout","time":87.341618464,"data":"Unpacking libinput-bin (1.20.0-1ubuntu0.4) ...\r\n"}
,{"stream_name":"stdout","time":87.481641308,"data":"Selecting previously unselected package libinput10:amd64.\r\n"}
,{"stream_name":"stdout","time":87.4959407,"data":"Preparing to unpack .../004-libinput10_1.20.0-1ubuntu0.4_amd64.deb ...\r\n"}
,{"stream_name":"stdout","time":87.523393682,"data":"Unpacking libinput10:amd64 (1.20.0-1ubuntu0.4) ...\r\n"}
,{"stream_name":"stdout","time":87.643042443,"data":"Selecting previously unselected package libmd4c0:amd64.\r\n"}
,{"stream_name":"stdout","time":87.658067788,"data":"Preparing to unpack .../005-libmd4c0_0.4.8-1_amd64.deb ...\r\n"}
,{"stream_name":"stdout","time":87.676196918,"data":"Unpacking libmd4c0:amd64 (0.4.8-1) ...\r\n"}
,{"stream_name":"stdout","time":87.807791769,"data":"Selecting previously unselected package libqt5dbus5:amd64.\r\n"}
,{"stream_name":"stdout","time":87.821726464,"data":"Preparing to unpack .../006-libqt5dbus5_5.15.3+dfsg-2ubuntu0.2_amd64.deb ...\r\n"}
,{"stream_name":"stdout","time":87.838964834,"data":"Unpacking libqt5dbus5:amd64 (5.15.3+dfsg-2ubuntu0.2) ...\r\n"}
,{"stream_name":"stdout","time":87.983417547,"data":"Selecting previously unselected package libqt5network5:amd64.\r\n"}
,{"stream_name":"stdout","time":87.998125718,"data":"Preparing to unpack .../007-libqt5network5_5.15.3+dfsg-2ubuntu0.2_amd64.deb ...\r\n"}
,{"stream_name":"stdout","time":88.015126033,"data":"Unpacking libqt5network5:amd64 (5.15.3+dfsg-2ubuntu0.2) ...\r\n"}
,{"stream_name":"stdout","time":88.167826586,"data":"Selecting previously unselected package libxcb-icccm4:amd64.\r\n"}
,{"stream_name":"stdout","time":88.182489919,"data":"Preparing to unpack .../008-libxcb-icccm4_0.4.1-1.1build2_amd64.deb ...\r\n"}
,{"stream_name":"stdout","time":88.213520911,"data":"Unpacking libxcb-icccm4:amd64 (0.4.1-1.1build2) ...\r\n"}
,{"stream_name":"stdout","time":88.355589959,"data":"Selecting previously unselected package libxcb-util1:amd64.\r\n"}
,{"stream_name":"stdout","time":88.369303586,"data":"Preparing to unpack .../009-libxcb-util1_0.4.0-1build2_amd64.deb ...\r\n"}
,{"stream_name":"stdout","time":88.388085358,"data":"Unpacking libxcb-util1:amd64 (0.4.0-1build2) ...\r\n"}
,{"stream_name":"stdout","time":88.522827456,"data":"Selecting previously unselected package libxcb-image0:amd64.\r\n"}
,{"stream_name":"stdout","time":88.536059391,"data":"Preparing to unpack .../010-libxcb-image0_0.4.0-2_amd64.deb ...\r\n"}
,{"stream_name":"stdout","time":88.5539648,"data":"Unpacking libxcb-image0:amd64 (0.4.0-2) ...\r\n"}
,{"stream_name":"stdout","time":88.674308833,"data":"Selecting previously unselected package libxcb-keysyms1:amd64.\r\n"}
,{"stream_name":"stdout","time":88.689115565,"data":"Preparing to unpack .../011-libxcb-keysyms1_0.4.0-1build3_amd64.deb ...\r\n"}
,{"stream_name":"stdout","time":88.710072272,"data":"Unpacking libxcb-keysyms1:amd64 (0.4.0-1build3) ...\r\n"}
,{"stream_name":"stdout","time":88.845130027,"data":"Selecting previously unselected package libxcb-render-util0:amd64.\r\n"}
,{"stream_name":"stdout","time":88.858610721,"data":"Preparing to unpack .../012-libxcb-render-util0_0.3.9-1build3_amd64.deb ...\r\n"}
,{"stream_name":"stdout","time":88.876949534,"data":"Unpacking libxcb-render-util0:amd64 (0.3.9-1build3) ...\r\n"}
,{"stream_name":"stdout","time":89.023436523,"data":"Selecting previously unselected package libxcb-xinerama0:amd64.\r\n"}
,{"stream_name":"stdout","time":89.036955512,"data":"Preparing to unpack .../013-libxcb-xinerama0_1.14-3ubuntu3_amd64.deb ...\r\n"}
,{"stream_name":"stdout","time":89.054296114,"data":"Unpacking libxcb-xinerama0:amd64 (1.14-3ubuntu3) ...\r\n"}
,{"stream_name":"stdout","time":89.175757938,"data":"Selecting previously unselected package libxcb-xinput0:amd64.\r\n"}
,{"stream_name":"stdout","time":89.189717942,"data":"Preparing to unpack .../014-libxcb-xinput0_1.14-3ubuntu3_amd64.deb ...\r\n"}
,{"stream_name":"stdout","time":89.209004848,"data":"Unpacking libxcb-xinput0:amd64 (1.14-3ubuntu3) ...\r\n"}
,{"stream_name":"stdout","time":89.337718063,"data":"Selecting previously unselected package libxcb-xkb1:amd64.\r\n"}
,{"stream_name":"stdout","time":89.352678613,"data":"Preparing to unpack .../015-libxcb-xkb1_1.14-3ubuntu3_amd64.deb ...\r\n"}
,{"stream_name":"stdout","time":89.372709196,"data":"Unpacking libxcb-xkb1:amd64 (1.14-3ubuntu3) ...\r\n"}
,{"stream_name":"stdout","time":89.50521298,"data":"Selecting previously unselected package libxkbcommon-x11-0:amd64.\r\n"}
,{"stream_name":"stdout","time":89.519258216,"data":"Preparing to unpack .../016-libxkbcommon-x11-0_1.4.0-1_amd64.deb ...\r\n"}
,{"stream_name":"stdout","time":89.537244627,"data":"Unpacking libxkbcommon-x11-0:amd64 (1.4.0-1) ...\r\n"}
,{"stream_name":"stdout","time":89.702255594,"data":"Selecting previously unselected package libqt5gui5:amd64.\r\n"}
,{"stream_name":"stdout","time":89.716360089,"data":"Preparing to unpack .../017-libqt5gui5_5.15.3+dfsg-2ubuntu0.2_amd64.deb ...\r\n"}
,{"stream_name":"stdout","time":89.743813022,"data":"Unpacking libqt5gui5:amd64 (5.15.3+dfsg-2ubuntu0.2) ...\r\n"}
,{"stream_name":"stdout","time":89.973165443,"data":"Selecting previously unselected package libqt5widgets5:amd64.\r\n"}
,{"stream_name":"stdout","time":89.986958272,"data":"Preparing to unpack .../018-libqt5widgets5_5.15.3+dfsg-2ubuntu0.2_amd64.deb ...\r\n"}
,{"stream_name":"stdout","time":90.00490346,"data":"Unpacking libqt5widgets5:amd64 (5.15.3+dfsg-2ubuntu0.2) ...\r\n"}
,{"stream_name":"stdout","time":90.179659386,"data":"Selecting previously unselected package libqt5svg5:amd64.\r\n"}
,{"stream_name":"stdout","time":90.193377279,"data":"Preparing to unpack .../019-libqt5svg5_5.15.3-1_amd64.deb ...\r\n"}
,{"stream_name":"stdout","time":90.210455296,"data":"Unpacking libqt5svg5:amd64 (5.15.3-1) ...\r\n"}
,{"stream_name":"stdout","time":90.335743076,"data":"Selecting previously unselected package liborc-0.4-0:amd64.\r\n"}
,{"stream_name":"stdout","time":90.349003586,"data":"Preparing to unpack .../020-liborc-0.4-0_1%3a0.4.32-2ubuntu0.1_amd64.deb ...\r\n"}
,{"stream_name":"stdout","time":90.365713767,"data":"Unpacking liborc-0.4-0:amd64 (1:0.4.32-2ubuntu0.1) ...\r\n"}
,{"stream_name":"stdout","time":90.503380899,"data":"Selecting previously unselected package libgstreamer-plugins-base1.0-0:amd64.\r\n"}
,{"stream_name":"stdout","time":90.516884733,"data":"Preparing to unpack .../021-libgstreamer-plugins-base1.0-0_1.20.1-1ubuntu0.7_amd64.deb ...\r\n"}
,{"stream_name":"stdout","time":90.534213663,"data":"Unpacking libgstreamer-plugins-base1.0-0:amd64 (1.20.1-1ubuntu0.7) ...\r\n"}
,{"stream_name":"stdout","time":90.686136611,"data":"Selecting previously unselected package libhyphen0:amd64.\r\n"}
,{"stream_name":"stdout","time":90.699582136,"data":"Preparing to unpack .../022-libhyphen0_2.8.8-7build2_amd64.deb ...\r\n"}
,{"stream_name":"stdout","time":90.717001213,"data":"Unpacking libhyphen0:amd64 (2.8.8-7build2) ...\r\n"}
,{"stream_name":"stdout","time":90.84996411,"data":"Selecting previously unselected package libqt5positioning5:amd64.\r\n"}
,{"stream_name":"stdout","time":90.863550471,"data":"Preparing to unpack .../023-libqt5positioning5_5.15.3+dfsg-3_amd64.deb ...\r\n"}
,{"stream_name":"stdout","time":90.882138784,"data":"Unpacking libqt5positioning5:amd64 (5.15.3+dfsg-3) ...\r\n"}
,{"stream_name":"stdout","time":91.011644038,"data":"Selecting previously unselected package libqt5printsupport5:amd64.\r\n"}
,{"stream_name":"stdout","time":91.025793908,"data":"Preparing to unpack .../024-libqt5printsupport5_5.15.3+dfsg-2ubuntu0.2_amd64.deb ...\r\n"}
,{"stream_name":"stdout","time":91.044853872,"data":"Unpacking libqt5printsupport5:amd64 (5.15.3+dfsg-2ubuntu0.2) ...\r\n"}
,{"stream_name":"stdout","time":91.176101132,"data":"Selecting previously unselected package libqt5qml5:amd64.\r\n"}
,{"stream_name":"stdout","time":91.190030658,"data":"Preparing to unpack .../025-libqt5qml5_5.15.3+dfsg-1_amd64.deb ...\r\n"}
,{"stream_name":"stdout","time":91.208430806,"data":"Unpacking libqt5qml5:amd64 (5.15.3+dfsg-1) ...\r\n"}
,{"stream_name":"stdout","time":91.375066188,"data":"Selecting previously unselected package libqt5qmlmodels5:amd64.\r\n"}
,{"stream_name":"stdout","time":91.393822065,"data":"Preparing to unpack .../026-libqt5qmlmodels5_5.15.3+dfsg-1_amd64.deb ...\r\n"}
,{"stream_name":"stdout","time":91.416533161,"data":"Unpacking libqt5qmlmodels5:amd64 (5.15.3+dfsg-1) ...\r\n"}
,{"stream_name":"stdout","time":91.557939169,"data":"Selecting previously unselected package libqt5quick5:amd64.\r\n"}
,{"stream_name":"stdout","time":91.571243264,"data":"Preparing to unpack .../027-libqt5quick5_5.15.3+dfsg-1_amd64.deb ...\r\n"}
,{"stream_name":"stdout","time":91.596036562,"data":"Unpacking libqt5quick5:amd64 (5.15.3+dfsg-1) ...\r\n"}
,{"stream_name":"stdout","time":91.765528742,"data":"Selecting previously unselected package libqt5sensors5:amd64.\r\n"}
,{"stream_name":"stdout","time":91.778986665,"data":"Preparing to unpack .../028-libqt5sensors5_5.15.3-1_amd64.deb ...\r\n"}
,{"stream_name":"stdout","time":91.797417223,"data":"Unpacking libqt5sensors5:amd64 (5.15.3-1) ...\r\n"}
,{"stream_name":"stdout","time":91.937994494,"data":"Selecting previously unselected package libqt5webchannel5:amd64.\r\n"}
,{"stream_name":"stdout","time":91.951958044,"data":"Preparing to unpack .../029-libqt5webchannel5_5.15.3-1_amd64.deb ...\r\n"}
,{"stream_name":"stdout","time":91.97905538,"data":"Unpacking libqt5webchannel5:amd64 (5.15.3-1) ...\r\n"}
,{"stream_name":"stdout","time":92.110497482,"data":"Selecting previously unselected package libwoff1:amd64.\r\n"}
,{"stream_name":"stdout","time":92.124215859,"data":"Preparing to unpack .../030-libwoff1_1.0.2-1build4_amd64.deb ...\r\n"}
,{"stream_name":"stdout","time":92.140281589,"data":"Unpacking libwoff1:amd64 (1.0.2-1build4) ...\r\n"}
,{"stream_name":"stdout","time":92.274940373,"data":"Selecting previously unselected package libqt5webkit5:amd64.\r\n"}
,{"stream_name":"stdout","time":92.288420965,"data":"Preparing to unpack .../031-libqt5webkit5_5.212.0~alpha4-15ubuntu1_amd64.deb ...\r\n"}
,{"stream_name":"stdout","time":92.305550874,"data":"Unpacking libqt5webkit5:amd64 (5.212.0~alpha4-15ubuntu1) ...\r\n"}
,{"stream_name":"stdout","time":92.750671113,"data":"Selecting previously unselected package python3-yaml.\r\n"}
,{"stream_name":"stdout","time":92.765442787,"data":"Preparing to unpack .../032-python3-yaml_5.4.1-1ubuntu1_amd64.deb ...\r\n"}
,{"stream_name":"stdout","time":92.791047948,"data":"Unpacking python3-yaml (5.4.1-1ubuntu1) ...\r\n"}
,{"stream_name":"stdout","time":92.954151968,"data":"Selecting previously unselected package udev.\r\n"}
,{"stream_name":"stdout","time":92.96785511,"data":"Preparing to unpack .../033-udev_249.11-0ubuntu3.22_amd64.deb ...\r\n"}
,{"stream_name":"stdout","time":92.990173179,"data":"Unpacking udev (249.11-0ubuntu3.22) ...\r\n"}
,{"stream_name":"stdout","time":93.216001619,"data":"Selecting previously unselected package libatspi2.0-0:amd64.\r\n"}
,{"stream_name":"stdout","time":93.230613182,"data":"Preparing to unpack .../034-libatspi2.0-0_2.44.0-3_amd64.deb ...\r\n"}
,{"stream_name":"stdout","time":93.249886839,"data":"Unpacking libatspi2.0-0:amd64 (2.44.0-3) ...\r\n"}
,{"stream_name":"stdout","time":93.364402519,"data":"Selecting previously unselected package libxtst6:amd64.\r\n"}
,{"stream_name":"stdout","time":93.377869243,"data":"Preparing to unpack .../035-libxtst6_2%3a1.2.3-1build4_amd64.deb ...\r\n"}
,{"stream_name":"stdout","time":93.397509617,"data":"Unpacking libxtst6:amd64 (2:1.2.3-1build4) ...\r\n"}
,{"stream_name":"stdout","time":93.521436931,"data":"Selecting previously unselected package session-migration.\r\n"}
,{"stream_name":"stdout","time":93.534970015,"data":"Preparing to unpack .../036-session-migration_0.3.6_amd64.deb ...\r\n"}
,{"stream_name":"stdout","time":93.552553737,"data":"Unpacking session-migration (0.3.6) ...\r\n"}
,{"stream_name":"stdout","time":93.649821085,"data":"Selecting previously unselected package gsettings-desktop-schemas.\r\n"}
,{"stream_name":"stdout","time":93.66362823,"data":"Preparing to unpack .../037-gsettings-desktop-schemas_42.0-1ubuntu1_all.deb ...\r\n"}
,{"stream_name":"stdout","time":93.680945168,"data":"Unpacking gsettings-desktop-schemas (42.0-1ubuntu1) ...\r\n"}
,{"stream_name":"stdout","time":93.823965163,"data":"Selecting previously unselected package at-spi2-core.\r\n"}
,{"stream_name":"stdout","time":93.837503003,"data":"Preparing to unpack .../038-at-spi2-core_2.44.0-3_amd64.deb ...\r\n"}
,{"stream_name":"stdout","time":93.856791295,"data":"Unpacking at-spi2-core (2.44.0-3) ...\r\n"}
,{"stream_name":"stdout","time":93.993571684,"data":"Selecting previously unselected package tk8.6-blt2.5.\r\n"}
,{"stream_name":"stdout","time":94.007103495,"data":"Preparing to unpack .../039-tk8.6-blt2.5_2.5.3+dfsg-4.1build2_amd64.deb ...\r\n"}
,{"stream_name":"stdout","time":94.023140645,"data":"Unpacking tk8.6-blt2.5 (2.5.3+dfsg-4.1build2) ...\r\n"}
,{"stream_name":"stdout","time":94.146009386,"data":"Selecting previously unselected package blt.\r\n"}
,{"stream_name":"stdout","time":94.159440254,"data":"Preparing to unpack .../040-blt_2.5.3+dfsg-4.1build2_amd64.deb ...\r\n"}
,{"stream_name":"stdout","time":94.177428687,"data":"Unpacking blt (2.5.3+dfsg-4.1build2) ...\r\n"}
,{"stream_name":"stdout","time":94.296911057,"data":"Selecting previously unselected package libspooles2.2:amd64.\r\n"}
,{"stream_name":"stdout","time":94.31063955,"data":"Preparing to unpack .../041-libspooles2.2_2.2-14_amd64.deb ...\r\n"}
,{"stream_name":"stdout","time":94.328185388,"data":"Unpacking libspooles2.2:amd64 (2.2-14) ...\r\n"}
,{"stream_name":"stdout","time":94.494459194,"data":"Selecting previously unselected package calculix-ccx.\r\n"}
,{"stream_name":"stdout","time":94.507797552,"data":"Preparing to unpack .../042-calculix-ccx_2.17-3_amd64.deb ...\r\n"}
,{"stream_name":"stdout","time":94.526090089,"data":"Unpacking calculix-ccx (2.17-3) ...\r\n"}
,{"stream_name":"stdout","time":94.826306202,"data":"Selecting previously unselected package fonts-dejavu-core.\r\n"}
,{"stream_name":"stdout","time":94.839608954,"data":"Preparing to unpack .../043-fonts-dejavu-core_2.37-2build1_all.deb ...\r\n"}
,{"stream_name":"stdout","time":94.857620381,"data":"Unpacking fonts-dejavu-core (2.37-2build1) ...\r\n"}
,{"stream_name":"stdout","time":95.113580109,"data":"Selecting previously unselected package fonts-lyx.\r\n"}
,{"stream_name":"stdout","time":95.127306647,"data":"Preparing to unpack .../044-fonts-lyx_2.3.6-1_all.deb ...\r\n"}
,{"stream_name":"stdout","time":95.143043856,"data":"Unpacking fonts-lyx (2.3.6-1) ...\r\n"}
,{"stream_name":"stdout","time":95.270130257,"data":"Selecting previously unselected package freecad-common.\r\n"}
,{"stream_name":"stdout","time":95.284452316,"data":"Preparing to unpack .../045-freecad-common_0.19.2+dfsg1-3ubuntu1+jammy0_all.deb ...\r\n"}
,{"stream_name":"stdout","time":95.300588108,"data":"Unpacking freecad-common (0.19.2+dfsg1-3ubuntu1+jammy0) ...\r\n"}
,{"stream_name":"stdout","time":96.264938105,"data":"Selecting previously unselected package python-matplotlib-data.\r\n"}
,{"stream_name":"stdout","time":96.279386512,"data":"Preparing to unpack .../046-python-matplotlib-data_3.5.1-2build1_all.deb ...\r\n"}
,{"stream_name":"stdout","time":96.295905617,"data":"Unpacking python-matplotlib-data (3.5.1-2build1) ...\r\n"}
,{"stream_name":"stdout","time":96.488916605,"data":"Selecting previously unselected package python3-dateutil.\r\n"}
,{"stream_name":"stdout","time":96.502561174,"data":"Preparing to unpack .../047-python3-dateutil_2.8.1-6_all.deb ...\r\n"}
,{"stream_name":"stdout","time":96.525920355,"data":"Unpacking python3-dateutil (2.8.1-6) ...\r\n"}
,{"stream_name":"stdout","time":96.649724145,"data":"Selecting previously unselected package libimagequant0:amd64.\r\n"}
,{"stream_name":"stdout","time":96.663394369,"data":"Preparing to unpack .../048-libimagequant0_2.17.0-1_amd64.deb ...\r\n"}
,{"stream_name":"stdout","time":96.680193919,"data":"Unpacking libimagequant0:amd64 (2.17.0-1) ...\r\n"}
,{"stream_name":"stdout","time":96.807900326,"data":"Selecting previously unselected package libraqm0:amd64.\r\n"}
,{"stream_name":"stdout","time":96.821653786,"data":"Preparing to unpack .../049-libraqm0_0.7.0-4ubuntu1_amd64.deb ...\r\n"}
,{"stream_name":"stdout","time":96.841014094,"data":"Unpacking libraqm0:amd64 (0.7.0-4ubuntu1) ...\r\n"}
,{"stream_name":"stdout","time":96.968205283,"data":"Selecting previously unselected package python3-pil:amd64.\r\n"}
,{"stream_name":"stdout","time":96.981942951,"data":"Preparing to unpack .../050-python3-pil_9.0.1-1ubuntu0.5_amd64.deb ...\r\n"}
,{"stream_name":"stdout","time":96.999215307,"data":"Unpacking python3-pil:amd64 (9.0.1-1ubuntu0.5) ...\r\n"}
,{"stream_name":"stdout","time":97.138554869,"data":"Selecting previously unselected package python3-tk:amd64.\r\n"}
,{"stream_name":"stdout","time":97.152317074,"data":"Preparing to unpack .../051-python3-tk_3.10.8-1~22.04_amd64.deb ...\r\n"}
,{"stream_name":"stdout","time":97.170622506,"data":"Unpacking python3-tk:amd64 (3.10.8-1~22.04) ...\r\n"}
,{"stream_name":"stdout","time":97.309104916,"data":"Selecting previously unselected package python3-pil.imagetk:amd64.\r\n"}
,{"stream_name":"stdout","time":97.322697165,"data":"Preparing to unpack .../052-python3-pil.imagetk_9.0.1-1ubuntu0.5_amd64.deb ...\r\n"}
,{"stream_name":"stdout","time":97.338967379,"data":"Unpacking python3-pil.imagetk:amd64 (9.0.1-1ubuntu0.5) ...\r\n"}
,{"stream_name":"stdout","time":97.45459714,"data":"Selecting previously unselected package python3-numpy.\r\n"}
,{"stream_name":"stdout","time":97.468804331,"data":"Preparing to unpack .../053-python3-numpy_1%3a1.21.5-1ubuntu22.04.1_amd64.deb ...\r\n"}
,{"stream_name":"stdout","time":97.489476902,"data":"Unpacking python3-numpy (1:1.21.5-1ubuntu22.04.1) ...\r\n"}
,{"stream_name":"stdout","time":97.865125432,"data":"Selecting previously unselected package python3-cycler.\r\n"}
,{"stream_name":"stdout","time":97.880314729,"data":"Preparing to unpack .../054-python3-cycler_0.11.0-1_all.deb ...\r\n"}
,{"stream_name":"stdout","time":97.90133886,"data":"Unpacking python3-cycler (0.11.0-1) ...\r\n"}
,{"stream_name":"stdout","time":98.039140085,"data":"Selecting previously unselected package python3-brotli.\r\n"}
,{"stream_name":"stdout","time":98.05313293,"data":"Preparing to unpack .../055-python3-brotli_1.0.9-2build6_amd64.deb ...\r\n"}
,{"stream_name":"stdout","time":98.070449559,"data":"Unpacking python3-brotli (1.0.9-2build6) ...\r\n"}
,{"stream_name":"stdout","time":98.198758252,"data":"Selecting previously unselected package python3-decorator.\r\n"}
,{"stream_name":"stdout","time":98.213901136,"data":"Preparing to unpack .../056-python3-decorator_4.4.2-0ubuntu1_all.deb ...\r\n"}
,{"stream_name":"stdout","time":98.23014769,"data":"Unpacking python3-decorator (4.4.2-0ubuntu1) ...\r\n"}
,{"stream_name":"stdout","time":98.330986538,"data":"Selecting previously unselected package python3.10-dev.\r\n"}
,{"stream_name":"stdout","time":98.344652648,"data":"Preparing to unpack .../057-python3.10-dev_3.10.12-1~22.04.18_amd64.deb ...\r\n"}
,{"stream_name":"stdout","time":98.360819465,"data":"Unpacking python3.10-dev (3.10.12-1~22.04.18) ...\r\n"}
,{"stream_name":"stdout","time":98.477909542,"data":"Selecting previously unselected package libjs-underscore.\r\n"}
,{"stream_name":"stdout","time":98.491914466,"data":"Preparing to unpack .../058-libjs-underscore_1.13.2~dfsg-2_all.deb ...\r\n"}
,{"stream_name":"stdout","time":98.517865633,"data":"Unpacking libjs-underscore (1.13.2~dfsg-2) ...\r\n"}
,{"stream_name":"stdout","time":98.628457075,"data":"Selecting previously unselected package libjs-sphinxdoc.\r\n"}
,{"stream_name":"stdout","time":98.642333908,"data":"Preparing to unpack .../059-libjs-sphinxdoc_4.3.2-1_all.deb ...\r\n"}
,{"stream_name":"stdout","time":98.660300925,"data":"Unpacking libjs-sphinxdoc (4.3.2-1) ...\r\n"}
,{"stream_name":"stdout","time":98.761098344,"data":"Selecting previously unselected package python3-dev.\r\n"}
,{"stream_name":"stdout","time":98.774779864,"data":"Preparing to unpack .../060-python3-dev_3.10.6-1~22.04.1_amd64.deb ...\r\n"}
,{"stream_name":"stdout","time":98.790233598,"data":"Unpacking python3-dev (3.10.6-1~22.04.1) ...\r\n"}
,{"stream_name":"stdout","time":98.903685272,"data":"Selecting previously unselected package libxsimd-dev:amd64.\r\n"}
,{"stream_name":"stdout","time":98.917743822,"data":"Preparing to unpack .../061-libxsimd-dev_7.6.0-2_amd64.deb ...\r\n"}
,{"stream_name":"stdout","time":98.936933787,"data":"Unpacking libxsimd-dev:amd64 (7.6.0-2) ...\r\n"}
,{"stream_name":"stdout","time":99.079420095,"data":"Selecting previously unselected package python3-gast.\r\n"}
,{"stream_name":"stdout","time":99.093481771,"data":"Preparing to unpack .../062-python3-gast_0.5.2-2_all.deb ...\r\n"}
,{"stream_name":"stdout","time":99.111700705,"data":"Unpacking python3-gast (0.5.2-2) ...\r\n"}
,{"stream_name":"stdout","time":99.229080297,"data":"Selecting previously unselected package python3-beniget.\r\n"}
,{"stream_name":"stdout","time":99.243070811,"data":"Preparing to unpack .../063-python3-beniget_0.4.1-2_all.deb ...\r\n"}
,{"stream_name":"stdout","time":99.259132561,"data":"Unpacking python3-beniget (0.4.1-2) ...\r\n"}
,{"stream_name":"stdout","time":99.385006447,"data":"Selecting previously unselected package python3-ply.\r\n"}
,{"stream_name":"stdout","time":99.399396265,"data":"Preparing to unpack .../064-python3-ply_3.11-5_all.deb ...\r\n"}
,{"stream_name":"stdout","time":99.415220553,"data":"Unpacking python3-ply (3.11-5) ...\r\n"}
,{"stream_name":"stdout","time":99.539230741,"data":"Selecting previously unselected package python3-pythran.\r\n"}
,{"stream_name":"stdout","time":99.553662603,"data":"Preparing to unpack .../065-python3-pythran_0.10.0+ds2-1_amd64.deb ...\r\n"}
,{"stream_name":"stdout","time":99.571742929,"data":"Unpacking python3-pythran (0.10.0+ds2-1) ...\r\n"}
,{"stream_name":"stdout","time":100.001670242,"data":"Selecting previously unselected package liblbfgsb0:amd64.\r\n"}
,{"stream_name":"stdout","time":100.017262862,"data":"Preparing to unpack .../066-liblbfgsb0_3.0+dfsg.3-10_amd64.deb ...\r\n"}
,{"stream_name":"stdout","time":100.035035597,"data":"Unpacking liblbfgsb0:amd64 (3.0+dfsg.3-10) ...\r\n"}
,{"stream_name":"stdout","time":100.162130674,"data":"Selecting previously unselected package python3-scipy.\r\n"}
,{"stream_name":"stdout","time":100.176247108,"data":"Preparing to unpack .../067-python3-scipy_1.8.0-1exp2ubuntu1_amd64.deb ...\r\n"}
,{"stream_name":"stdout","time":100.193562447,"data":"Unpacking python3-scipy (1.8.0-1exp2ubuntu1) ...\r\n"}
,{"stream_name":"stdout","time":100.745678579,"data":"Selecting previously unselected package python3-attr.\r\n"}
,{"stream_name":"stdout","time":100.760803079,"data":"Preparing to unpack .../068-python3-attr_21.2.0-1ubuntu1_all.deb ...\r\n"}
,{"stream_name":"stdout","time":100.778515217,"data":"Unpacking python3-attr (21.2.0-1ubuntu1) ...\r\n"}
,{"stream_name":"stdout","time":100.905555269,"data":"Selecting previously unselected package python3-ufolib2.\r\n"}
,{"stream_name":"stdout","time":100.919890288,"data":"Preparing to unpack .../069-python3-ufolib2_0.13.1+dfsg1-1_all.deb ...\r\n"}
,{"stream_name":"stdout","time":100.937349771,"data":"Unpacking python3-ufolib2 (0.13.1+dfsg1-1) ...\r\n"}
,{"stream_name":"stdout","time":101.074078985,"data":"Selecting previously unselected package python3-mpmath.\r\n"}
,{"stream_name":"stdout","time":101.092942448,"data":"Preparing to unpack .../070-python3-mpmath_1.2.1-2_all.deb ...\r\n"}
,{"stream_name":"stdout","time":101.109718197,"data":"Unpacking python3-mpmath (1.2.1-2) ...\r\n"}
,{"stream_name":"stdout","time":101.263709672,"data":"Selecting previously unselected package python3-sympy.\r\n"}
,{"stream_name":"stdout","time":101.278147259,"data":"Preparing to unpack .../071-python3-sympy_1.9-1_all.deb ...\r\n"}
,{"stream_name":"stdout","time":101.295161152,"data":"Unpacking python3-sympy (1.9-1) ...\r\n"}
,{"stream_name":"stdout","time":101.802866368,"data":"Selecting previously unselected package python3-tz.\r\n"}
,{"stream_name":"stdout","time":101.818241942,"data":"Preparing to unpack .../072-python3-tz_2022.1-1ubuntu0.22.04.1_all.deb ...\r\n"}
,{"stream_name":"stdout","time":101.835372247,"data":"Unpacking python3-tz (2022.1-1ubuntu0.22.04.1) ...\r\n"}
,{"stream_name":"stdout","time":101.952023156,"data":"Selecting previously unselected package python3-appdirs.\r\n"}
,{"stream_name":"stdout","time":101.966723197,"data":"Preparing to unpack .../073-python3-appdirs_1.4.4-2_all.deb ...\r\n"}
,{"stream_name":"stdout","time":101.985295808,"data":"Unpacking python3-appdirs (1.4.4-2) ...\r\n"}
,{"stream_name":"stdout","time":102.101443027,"data":"Selecting previously unselected package python3-fs.\r\n"}
,{"stream_name":"stdout","time":102.11620853,"data":"Preparing to unpack .../074-python3-fs_2.4.12-1_all.deb ...\r\n"}
,{"stream_name":"stdout","time":102.134709667,"data":"Unpacking python3-fs (2.4.12-1) ...\r\n"}
,{"stream_name":"stdout","time":102.26091532,"data":"Selecting previously unselected package python3-lxml:amd64.\r\n"}
,{"stream_name":"stdout","time":102.276659406,"data":"Preparing to unpack .../075-python3-lxml_4.8.0-1build1_amd64.deb ...\r\n"}
,{"stream_name":"stdout","time":102.293011561,"data":"Unpacking python3-lxml:amd64 (4.8.0-1build1) ...\r\n"}
,{"stream_name":"stdout","time":102.449789539,"data":"Selecting previously unselected package python3-lz4.\r\n"}
,{"stream_name":"stdout","time":102.465715533,"data":"Preparing to unpack .../076-python3-lz4_3.1.3+dfsg-1build3_amd64.deb ...\r\n"}
,{"stream_name":"stdout","time":102.492123238,"data":"Unpacking python3-lz4 (3.1.3+dfsg-1build3) ...\r\n"}
,{"stream_name":"stdout","time":102.586666028,"data":"Selecting previously unselected package python3-unicodedata2.\r\n"}
,{"stream_name":"stdout","time":102.601458247,"data":"Preparing to unpack .../077-python3-unicodedata2_14.0.0+ds-8_amd64.deb ...\r\n"}
,{"stream_name":"stdout","time":102.618827669,"data":"Unpacking python3-unicodedata2 (14.0.0+ds-8) ...\r\n"}
,{"stream_name":"stdout","time":102.729948552,"data":"Selecting previously unselected package unicode-data.\r\n"}
,{"stream_name":"stdout","time":102.75317276,"data":"Preparing to unpack .../078-unicode-data_14.0.0-1.1_all.deb ...\r\n"}
,{"stream_name":"stdout","time":102.815144036,"data":"Unpacking unicode-data (14.0.0-1.1) ...\r\n"}
,{"stream_name":"stdout","time":103.102376255,"data":"Selecting previously unselected package python3-fonttools.\r\n"}
,{"stream_name":"stdout","time":103.117417671,"data":"Preparing to unpack .../079-python3-fonttools_4.29.1-2build1_amd64.deb ...\r\n"}
,{"stream_name":"stdout","time":103.132989129,"data":"Unpacking python3-fonttools (4.29.1-2build1) ...\r\n"}
,{"stream_name":"stdout","time":103.396595184,"data":"Selecting previously unselected package python3-kiwisolver.\r\n"}
,{"stream_name":"stdout","time":103.411522654,"data":"Preparing to unpack .../080-python3-kiwisolver_1.3.2-1build1_amd64.deb ...\r\n"}
,{"stream_name":"stdout","time":103.427194575,"data":"Unpacking python3-kiwisolver (1.3.2-1build1) ...\r\n"}
,{"stream_name":"stdout","time":103.544219348,"data":"Selecting previously unselected package python3-packaging.\r\n"}
,{"stream_name":"stdout","time":103.558861194,"data":"Preparing to unpack .../081-python3-packaging_21.3-1_all.deb ...\r\n"}
,{"stream_name":"stdout","time":103.574531769,"data":"Unpacking python3-packaging (21.3-1) ...\r\n"}
,{"stream_name":"stdout","time":103.691650047,"data":"Selecting previously unselected package python3-matplotlib.\r\n"}
,{"stream_name":"stdout","time":103.707484248,"data":"Preparing to unpack .../082-python3-matplotlib_3.5.1-2build1_amd64.deb ...\r\n"}
,{"stream_name":"stdout","time":103.776025321,"data":"Unpacking python3-matplotlib (3.5.1-2build1) ...\r\n"}
,{"stream_name":"stdout","time":104.045091819,"data":"Selecting previously unselected package libcoin80c.\r\n"}
,{"stream_name":"stdout","time":104.059861904,"data":"Preparing to unpack .../083-libcoin80c_4.0.0+ds-2_amd64.deb ...\r\n"}
,{"stream_name":"stdout","time":104.075421078,"data":"Unpacking libcoin80c (4.0.0+ds-2) ...\r\n"}
,{"stream_name":"stdout","time":104.253622394,"data":"Selecting previously unselected package libqt5opengl5:amd64.\r\n"}
,{"stream_name":"stdout","time":104.26814855,"data":"Preparing to unpack .../084-libqt5opengl5_5.15.3+dfsg-2ubuntu0.2_amd64.deb ...\r\n"}
,{"stream_name":"stdout","time":104.284623299,"data":"Unpacking libqt5opengl5:amd64 (5.15.3+dfsg-2ubuntu0.2) ...\r\n"}
,{"stream_name":"stdout","time":104.403402528,"data":"Selecting previously unselected package libsoqt520.\r\n"}
,{"stream_name":"stdout","time":104.41935434,"data":"Preparing to unpack .../085-libsoqt520_1.6.0+ds1-3_amd64.deb ...\r\n"}
,{"stream_name":"stdout","time":104.435573107,"data":"Unpacking libsoqt520 (1.6.0+ds1-3) ...\r\n"}
,{"stream_name":"stdout","time":104.59473743,"data":"Selecting previously unselected package libshiboken2-py3-5.15.\r\n"}
,{"stream_name":"stdout","time":104.609359534,"data":"Preparing to unpack .../086-libshiboken2-py3-5.15_5.15.2-2build2_amd64.deb ...\r\n"}
,{"stream_name":"stdout","time":104.623547829,"data":"Unpacking libshiboken2-py3-5.15 (5.15.2-2build2) ...\r\n"}
,{"stream_name":"stdout","time":104.741949864,"data":"Selecting previously unselected package libpyside2-py3-5.15.\r\n"}
,{"stream_name":"stdout","time":104.756813321,"data":"Preparing to unpack .../087-libpyside2-py3-5.15_5.15.2-2build2_amd64.deb ...\r\n"}
,{"stream_name":"stdout","time":104.77155044,"data":"Unpacking libpyside2-py3-5.15 (5.15.2-2build2) ...\r\n"}
,{"stream_name":"stdout","time":104.870051806,"data":"Selecting previously unselected package python3-pyside2.qtcore.\r\n"}
,{"stream_name":"stdout","time":104.885041057,"data":"Preparing to unpack .../088-python3-pyside2.qtcore_5.15.2-2build2_amd64.deb ...\r\n"}
,{"stream_name":"stdout","time":104.903891836,"data":"Unpacking python3-pyside2.qtcore (5.15.2-2build2) ...\r\n"}
,{"stream_name":"stdout","time":105.019691986,"data":"Selecting previously unselected package python3-pyside2.qtgui.\r\n"}
,{"stream_name":"stdout","time":105.034249183,"data":"Preparing to unpack .../089-python3-pyside2.qtgui_5.15.2-2build2_amd64.deb ...\r\n"}
,{"stream_name":"stdout","time":105.050247028,"data":"Unpacking python3-pyside2.qtgui (5.15.2-2build2) ...\r\n"}
,{"stream_name":"stdout","time":105.177668216,"data":"Selecting previously unselected package python3-pyside2.qtwidgets.\r\n"}
,{"stream_name":"stdout","time":105.192247521,"data":"Preparing to unpack .../090-python3-pyside2.qtwidgets_5.15.2-2build2_amd64.deb ...\r\n"}
,{"stream_name":"stdout","time":105.207468799,"data":"Unpacking python3-pyside2.qtwidgets (5.15.2-2build2) ...\r\n"}
,{"stream_name":"stdout","time":105.354081302,"data":"Selecting previously unselected package python3-pyside2.qtopengl.\r\n"}
,{"stream_name":"stdout","time":105.369231666,"data":"Preparing to unpack .../091-python3-pyside2.qtopengl_5.15.2-2build2_amd64.deb ...\r\n"}
,{"stream_name":"stdout","time":105.383621755,"data":"Unpacking python3-pyside2.qtopengl (5.15.2-2build2) ...\r\n"}
,{"stream_name":"stdout","time":105.506916834,"data":"Selecting previously unselected package libllvm14:amd64.\r\n"}
,{"stream_name":"stdout","time":105.523079892,"data":"Preparing to unpack .../092-libllvm14_1%3a14.0.0-1ubuntu1.1_amd64.deb ...\r\n"}
,{"stream_name":"stdout","time":105.538437914,"data":"Unpacking libllvm14:amd64 (1:14.0.0-1ubuntu1.1) ...\r\n"}
,{"stream_name":"stdout","time":106.24166159,"data":"Selecting previously unselected package libclang1-14.\r\n"}
,{"stream_name":"stdout","time":106.25623795999999,"data":"Preparing to unpack .../093-libclang1-14_1%3a14.0.0-1ubuntu1.1_amd64.deb ...\r\n"}
,{"stream_name":"stdout","time":106.274467269,"data":"Unpacking libclang1-14 (1:14.0.0-1ubuntu1.1) ...\r\n"}
,{"stream_name":"stdout","time":106.540962709,"data":"Selecting previously unselected package shiboken2.\r\n"}
,{"stream_name":"stdout","time":106.555986036,"data":"Preparing to unpack .../094-shiboken2_5.15.2-2build2_amd64.deb ...\r\n"}
,{"stream_name":"stdout","time":106.572530273,"data":"Unpacking shiboken2 (5.15.2-2build2) ...\r\n"}
,{"stream_name":"stdout","time":106.684767644,"data":"Selecting previously unselected package python3-pivy.\r\n"}
,{"stream_name":"stdout","time":106.699290379,"data":"Preparing to unpack .../095-python3-pivy_0.6.5-1ubuntu0.22.04.1_amd64.deb ...\r\n"}
,{"stream_name":"stdout","time":106.714312266,"data":"Unpacking python3-pivy (0.6.5-1ubuntu0.22.04.1) ...\r\n"}
,{"stream_name":"stdout","time":106.9946085,"data":"Selecting previously unselected package libqt5xml5:amd64.\r\n"}
,{"stream_name":"stdout","time":107.009566459,"data":"Preparing to unpack .../096-libqt5xml5_5.15.3+dfsg-2ubuntu0.2_amd64.deb ...\r\n"}
,{"stream_name":"stdout","time":107.025815741,"data":"Unpacking libqt5xml5:amd64 (5.15.3+dfsg-2ubuntu0.2) ...\r\n"}
,{"stream_name":"stdout","time":107.12879161,"data":"Selecting previously unselected package python3-pyside2.qtxml.\r\n"}
,{"stream_name":"stdout","time":107.143425765,"data":"Preparing to unpack .../097-python3-pyside2.qtxml_5.15.2-2build2_amd64.deb ...\r\n"}
,{"stream_name":"stdout","time":107.158456603,"data":"Unpacking python3-pyside2.qtxml (5.15.2-2build2) ...\r\n"}
,{"stream_name":"stdout","time":107.260030419,"data":"Selecting previously unselected package python3-pyside2.qtuitools.\r\n"}
,{"stream_name":"stdout","time":107.274637604,"data":"Preparing to unpack .../098-python3-pyside2.qtuitools_5.15.2-2build2_amd64.deb ...\r\n"}
,{"stream_name":"stdout","time":107.290481952,"data":"Unpacking python3-pyside2.qtuitools (5.15.2-2build2) ...\r\n"}
,{"stream_name":"stdout","time":107.39081529,"data":"Selecting previously unselected package python3-pyside2.qtsvg.\r\n"}
,{"stream_name":"stdout","time":107.405214538,"data":"Preparing to unpack .../099-python3-pyside2.qtsvg_5.15.2-2build2_amd64.deb ...\r\n"}
,{"stream_name":"stdout","time":107.420641881,"data":"Unpacking python3-pyside2.qtsvg (5.15.2-2build2) ...\r\n"}
,{"stream_name":"stdout","time":107.534067517,"data":"Selecting previously unselected package libboost-program-options1.74.0:amd64.\r\n"}
,{"stream_name":"stdout","time":107.548695765,"data":"Preparing to unpack .../100-libboost-program-options1.74.0_1.74.0-14ubuntu3_amd64.deb ...\r\n"}
,{"stream_name":"stdout","time":107.563395298,"data":"Unpacking libboost-program-options1.74.0:amd64 (1.74.0-14ubuntu3) ...\r\n"}
,{"stream_name":"stdout","time":107.678646186,"data":"Selecting previously unselected package libboost-regex1.74.0:amd64.\r\n"}
,{"stream_name":"stdout","time":107.693301647,"data":"Preparing to unpack .../101-libboost-regex1.74.0_1.74.0-14ubuntu3_amd64.deb ...\r\n"}
,{"stream_name":"stdout","time":107.708078418,"data":"Unpacking libboost-regex1.74.0:amd64 (1.74.0-14ubuntu3) ...\r\n"}
,{"stream_name":"stdout","time":107.834225549,"data":"Selecting previously unselected package libboost-thread1.74.0:amd64.\r\n"}
,{"stream_name":"stdout","time":107.848994089,"data":"Preparing to unpack .../102-libboost-thread1.74.0_1.74.0-14ubuntu3_amd64.deb ...\r\n"}
,{"stream_name":"stdout","time":107.864583187,"data":"Unpacking libboost-thread1.74.0:amd64 (1.74.0-14ubuntu3) ...\r\n"}
,{"stream_name":"stdout","time":108.001900938,"data":"Selecting previously unselected package libglu1-mesa:amd64.\r\n"}
,{"stream_name":"stdout","time":108.016409628,"data":"Preparing to unpack .../103-libglu1-mesa_9.0.2-1_amd64.deb ...\r\n"}
,{"stream_name":"stdout","time":108.031533124,"data":"Unpacking libglu1-mesa:amd64 (9.0.2-1) ...\r\n"}
,{"stream_name":"stdout","time":108.148400774,"data":"Selecting previously unselected package libhdf5-openmpi-103-1:amd64.\r\n"}
,{"stream_name":"stdout","time":108.163115245,"data":"Preparing to unpack .../104-libhdf5-openmpi-103-1_1.10.7+repack-4ubuntu2_amd64.deb ...\r\n"}
,{"stream_name":"stdout","time":108.179774884,"data":"Unpacking libhdf5-openmpi-103-1:amd64 (1.10.7+repack-4ubuntu2) ...\r\n"}
,{"stream_name":"stdout","time":108.317717501,"data":"Selecting previously unselected package libmedc11:amd64.\r\n"}
,{"stream_name":"stdout","time":108.332599036,"data":"Preparing to unpack .../105-libmedc11_4.1.0+repack-3build1_amd64.deb ...\r\n"}
,{"stream_name":"stdout","time":108.349523073,"data":"Unpacking libmedc11:amd64 (4.1.0+repack-3build1) ...\r\n"}
,{"stream_name":"stdout","time":109.418691452,"data":"Selecting previously unselected package libtbbmalloc2:amd64.\r\n"}
,{"stream_name":"stdout","time":109.437953579,"data":"Preparing to unpack .../106-libtbbmalloc2_2021.5.0-7ubuntu2_amd64.deb ...\r\n"}
,{"stream_name":"stdout","time":109.527176867,"data":"Unpacking libtbbmalloc2:amd64 (2021.5.0-7ubuntu2) ...\r\n"}
,{"stream_name":"stdout","time":109.831449832,"data":"Selecting previously unselected package libtbb2:amd64.\r\n"}
,{"stream_name":"stdout","time":109.846115664,"data":"Preparing to unpack .../107-libtbb2_2020.3-1ubuntu3_amd64.deb ...\r\n"}
,{"stream_name":"stdout","time":109.863731849,"data":"Unpacking libtbb2:amd64 (2020.3-1ubuntu3) ...\r\n"}
,{"stream_name":"stdout","time":109.981456466,"data":"Selecting previously unselected package libocct-foundation-7.5:amd64.\r\n"}
,{"stream_name":"stdout","time":109.996176366,"data":"Preparing to unpack .../108-libocct-foundation-7.5_7.5.1+dfsg1-2ubuntu1_amd64.deb ...\r\n"}
,{"stream_name":"stdout","time":110.018975884,"data":"Unpacking libocct-foundation-7.5:amd64 (7.5.1+dfsg1-2ubuntu1) ...\r\n"}
,{"stream_name":"stdout","time":110.164326569,"data":"Selecting previously unselected package libocct-modeling-data-7.5:amd64.\r\n"}
,{"stream_name":"stdout","time":110.178997086,"data":"Preparing to unpack .../109-libocct-modeling-data-7.5_7.5.1+dfsg1-2ubuntu1_amd64.deb ...\r\n"}
,{"stream_name":"stdout","time":110.195294438,"data":"Unpacking libocct-modeling-data-7.5:amd64 (7.5.1+dfsg1-2ubuntu1) ...\r\n"}
,{"stream_name":"stdout","time":110.353081971,"data":"Selecting previously unselected package libocct-modeling-algorithms-7.5:amd64.\r\n"}
,{"stream_name":"stdout","time":110.367936232,"data":"Preparing to unpack .../110-libocct-modeling-algorithms-7.5_7.5.1+dfsg1-2ubuntu1_amd64.deb ...\r\n"}
,{"stream_name":"stdout","time":110.385401413,"data":"Unpacking libocct-modeling-algorithms-7.5:amd64 (7.5.1+dfsg1-2ubuntu1) ...\r\n"}
,{"stream_name":"stdout","time":110.653657987,"data":"Selecting previously unselected package libraw20:amd64.\r\n"}
,{"stream_name":"stdout","time":110.66840916,"data":"Preparing to unpack .../111-libraw20_0.20.2-2ubuntu2.22.04.3_amd64.deb ...\r\n"}
,{"stream_name":"stdout","time":110.684398717,"data":"Unpacking libraw20:amd64 (0.20.2-2ubuntu2.22.04.3) ...\r\n"}
,{"stream_name":"stdout","time":110.81392911,"data":"Selecting previously unselected package libfreeimage3:amd64.\r\n"}
,{"stream_name":"stdout","time":110.828695592,"data":"Preparing to unpack .../112-libfreeimage3_3.18.0+ds2-6ubuntu5.1_amd64.deb ...\r\n"}
,{"stream_name":"stdout","time":110.853470705,"data":"Unpacking libfreeimage3:amd64 (3.18.0+ds2-6ubuntu5.1) ...\r\n"}
,{"stream_name":"stdout","time":110.989943474,"data":"Selecting previously unselected package libocct-visualization-7.5:amd64.\r\n"}
,{"stream_name":"stdout","time":111.004766716,"data":"Preparing to unpack .../113-libocct-visualization-7.5_7.5.1+dfsg1-2ubuntu1_amd64.deb ...\r\n"}
,{"stream_name":"stdout","time":111.022199772,"data":"Unpacking libocct-visualization-7.5:amd64 (7.5.1+dfsg1-2ubuntu1) ...\r\n"}
,{"stream_name":"stdout","time":111.183364137,"data":"Selecting previously unselected package libocct-ocaf-7.5:amd64.\r\n"}
,{"stream_name":"stdout","time":111.198102605,"data":"Preparing to unpack .../114-libocct-ocaf-7.5_7.5.1+dfsg1-2ubuntu1_amd64.deb ...\r\n"}
,{"stream_name":"stdout","time":111.214150663,"data":"Unpacking libocct-ocaf-7.5:amd64 (7.5.1+dfsg1-2ubuntu1) ...\r\n"}
,{"stream_name":"stdout","time":111.354484453,"data":"Selecting previously unselected package libocct-data-exchange-7.5:amd64.\r\n"}
,{"stream_name":"stdout","time":111.372857315,"data":"Preparing to unpack .../115-libocct-data-exchange-7.5_7.5.1+dfsg1-2ubuntu1_amd64.deb ...\r\n"}
,{"stream_name":"stdout","time":111.390914783,"data":"Unpacking libocct-data-exchange-7.5:amd64 (7.5.1+dfsg1-2ubuntu1) ...\r\n"}
,{"stream_name":"stdout","time":111.598686361,"data":"Selecting previously unselected package libqt5concurrent5:amd64.\r\n"}
,{"stream_name":"stdout","time":111.613292715,"data":"Preparing to unpack .../116-libqt5concurrent5_5.15.3+dfsg-2ubuntu0.2_amd64.deb ...\r\n"}
,{"stream_name":"stdout","time":111.630157866,"data":"Unpacking libqt5concurrent5:amd64 (5.15.3+dfsg-2ubuntu0.2) ...\r\n"}
,{"stream_name":"stdout","time":111.747936259,"data":"Selecting previously unselected package libqt5xmlpatterns5:amd64.\r\n"}
,{"stream_name":"stdout","time":111.763687442,"data":"Preparing to unpack .../117-libqt5xmlpatterns5_5.15.3-1_amd64.deb ...\r\n"}
,{"stream_name":"stdout","time":111.778522325,"data":"Unpacking libqt5xmlpatterns5:amd64 (5.15.3-1) ...\r\n"}
,{"stream_name":"stdout","time":111.915711366,"data":"Selecting previously unselected package libspnav0.\r\n"}
,{"stream_name":"stdout","time":111.931653593,"data":"Preparing to unpack .../118-libspnav0_0.2.3-1_amd64.deb ...\r\n"}
,{"stream_name":"stdout","time":111.949515133,"data":"Unpacking libspnav0 (0.2.3-1) ...\r\n"}
,{"stream_name":"stdout","time":112.057649139,"data":"Selecting previously unselected package libgl2ps1.4.\r\n"}
,{"stream_name":"stdout","time":112.072417394,"data":"Preparing to unpack .../119-libgl2ps1.4_1.4.2+dfsg1-2_amd64.deb ...\r\n"}
,{"stream_name":"stdout","time":112.08707646,"data":"Unpacking libgl2ps1.4 (1.4.2+dfsg1-2) ...\r\n"}
,{"stream_name":"stdout","time":112.201047291,"data":"Selecting previously unselected package libglew2.2:amd64.\r\n"}
,{"stream_name":"stdout","time":112.215559006,"data":"Preparing to unpack .../120-libglew2.2_2.2.0-4_amd64.deb ...\r\n"}
,{"stream_name":"stdout","time":112.230486969,"data":"Unpacking libglew2.2:amd64 (2.2.0-4) ...\r\n"}
,{"stream_name":"stdout","time":112.346795511,"data":"Selecting previously unselected package libtbb12:amd64.\r\n"}
,{"stream_name":"stdout","time":112.361525141,"data":"Preparing to unpack .../121-libtbb12_2021.5.0-7ubuntu2_amd64.deb ...\r\n"}
,{"stream_name":"stdout","time":112.375810136,"data":"Unpacking libtbb12:amd64 (2021.5.0-7ubuntu2) ...\r\n"}
,{"stream_name":"stdout","time":112.491208793,"data":"Selecting previously unselected package libvtk9.1:amd64.\r\n"}
,{"stream_name":"stdout","time":112.505917399,"data":"Preparing to unpack .../122-libvtk9.1_9.1.0+really9.1.0+dfsg2-3build1+jammy1_amd64.deb ...\r\n"}
,{"stream_name":"stdout","time":112.522693692,"data":"Unpacking libvtk9.1:amd64 (9.1.0+really9.1.0+dfsg2-3build1+jammy1) ...\r\n"}
,{"stream_name":"stdout","time":113.194562265,"data":"Selecting previously unselected package libzipios++0v5.\r\n"}
,{"stream_name":"stdout","time":113.209609615,"data":"Preparing to unpack .../123-libzipios++0v5_0.1.5.9+cvs.2007.04.28-11build1_amd64.deb ...\r\n"}
,{"stream_name":"stdout","time":113.224923026,"data":"Unpacking libzipios++0v5 (0.1.5.9+cvs.2007.04.28-11build1) ...\r\n"}
,{"stream_name":"stdout","time":113.323324105,"data":"Selecting previously unselected package libfreecad-python3-0.19.\r\n"}
,{"stream_name":"stdout","time":113.338103735,"data":"Preparing to unpack .../124-libfreecad-python3-0.19_0.19.2+dfsg1-3ubuntu1+jammy0_amd64.deb ...\r\n"}
,{"stream_name":"stdout","time":113.35493449,"data":"Unpacking libfreecad-python3-0.19 (0.19.2+dfsg1-3ubuntu1+jammy0) ...\r\n"}
,{"stream_name":"stdout","time":113.954361225,"data":"Selecting previously unselected package freecad-python3.\r\n"}
,{"stream_name":"stdout","time":113.969449178,"data":"Preparing to unpack .../125-freecad-python3_0.19.2+dfsg1-3ubuntu1+jammy0_amd64.deb ...\r\n"}
,{"stream_name":"stdout","time":113.989029725,"data":"Unpacking freecad-python3 (0.19.2+dfsg1-3ubuntu1+jammy0) ...\r\n"}
,{"stream_name":"stdout","time":114.100545209,"data":"Selecting previously unselected package freecad.\r\n"}
,{"stream_name":"stdout","time":114.115716662,"data":"Preparing to unpack .../126-freecad_0.19.2+dfsg1-3ubuntu1+jammy0_all.deb ...\r\n"}
,{"stream_name":"stdout","time":114.132504373,"data":"Unpacking freecad (0.19.2+dfsg1-3ubuntu1+jammy0) ...\r\n"}
,{"stream_name":"stdout","time":114.28491486,"data":"Selecting previously unselected package libavahi-glib1:amd64.\r\n"}
,{"stream_name":"stdout","time":114.299549498,"data":"Preparing to unpack .../127-libavahi-glib1_0.8-5ubuntu5.5_amd64.deb ...\r\n"}
,{"stream_name":"stdout","time":114.314497992,"data":"Unpacking libavahi-glib1:amd64 (0.8-5ubuntu5.5) ...\r\n"}
,{"stream_name":"stdout","time":114.416964545,"data":"Selecting previously unselected package libjson-glib-1.0-common.\r\n"}
,{"stream_name":"stdout","time":114.431766471,"data":"Preparing to unpack .../128-libjson-glib-1.0-common_1.6.6-1build1_all.deb ...\r\n"}
,{"stream_name":"stdout","time":114.447457297,"data":"Unpacking libjson-glib-1.0-common (1.6.6-1build1) ...\r\n"}
,{"stream_name":"stdout","time":114.566656762,"data":"Selecting previously unselected package libjson-glib-1.0-0:amd64.\r\n"}
,{"stream_name":"stdout","time":114.58152442,"data":"Preparing to unpack .../129-libjson-glib-1.0-0_1.6.6-1build1_amd64.deb ...\r\n"}
,{"stream_name":"stdout","time":114.598556758,"data":"Unpacking libjson-glib-1.0-0:amd64 (1.6.6-1build1) ...\r\n"}
,{"stream_name":"stdout","time":114.731636272,"data":"Selecting previously unselected package libmm-glib0:amd64.\r\n"}
,{"stream_name":"stdout","time":114.746410652,"data":"Preparing to unpack .../130-libmm-glib0_1.20.0-1~ubuntu22.04.4_amd64.deb ...\r\n"}
,{"stream_name":"stdout","time":114.764316124,"data":"Unpacking libmm-glib0:amd64 (1.20.0-1~ubuntu22.04.4) ...\r\n"}
,{"stream_name":"stdout","time":114.899942826,"data":"Selecting previously unselected package libnotify4:amd64.\r\n"}
,{"stream_name":"stdout","time":114.915521708,"data":"Preparing to unpack .../131-libnotify4_0.7.9-3ubuntu5.22.04.1_amd64.deb ...\r\n"}
,{"stream_name":"stdout","time":114.935228188,"data":"Unpacking libnotify4:amd64 (0.7.9-3ubuntu5.22.04.1) ...\r\n"}
,{"stream_name":"stdout","time":115.064492829,"data":"Selecting previously unselected package libproxy1v5:amd64.\r\n"}
,{"stream_name":"stdout","time":115.079725549,"data":"Preparing to unpack .../132-libproxy1v5_0.4.17-2_amd64.deb ...\r\n"}
,{"stream_name":"stdout","time":115.097954674,"data":"Unpacking libproxy1v5:amd64 (0.4.17-2) ...\r\n"}
,{"stream_name":"stdout","time":115.192273136,"data":"Selecting previously unselected package glib-networking-common.\r\n"}
,{"stream_name":"stdout","time":115.207166876,"data":"Preparing to unpack .../133-glib-networking-common_2.72.0-1_all.deb ...\r\n"}
,{"stream_name":"stdout","time":115.223971238,"data":"Unpacking glib-networking-common (2.72.0-1) ...\r\n"}
,{"stream_name":"stdout","time":115.320898463,"data":"Selecting previously unselected package glib-networking-services.\r\n"}
,{"stream_name":"stdout","time":115.335635267,"data":"Preparing to unpack .../134-glib-networking-services_2.72.0-1_amd64.deb ...\r\n"}
,{"stream_name":"stdout","time":115.351352611,"data":"Unpacking glib-networking-services (2.72.0-1) ...\r\n"}
,{"stream_name":"stdout","time":115.453270772,"data":"Selecting previously unselected package glib-networking:amd64.\r\n"}
,{"stream_name":"stdout","time":115.468022221,"data":"Preparing to unpack .../135-glib-networking_2.72.0-1_amd64.deb ...\r\n"}
,{"stream_name":"stdout","time":115.485610641,"data":"Unpacking glib-networking:amd64 (2.72.0-1) ...\r\n"}
,{"stream_name":"stdout","time":115.610224802,"data":"Selecting previously unselected package libsoup2.4-common.\r\n"}
,{"stream_name":"stdout","time":115.62517769,"data":"Preparing to unpack .../136-libsoup2.4-common_2.74.2-3ubuntu0.8_all.deb ...\r\n"}
,{"stream_name":"stdout","time":115.641965914,"data":"Unpacking libsoup2.4-common (2.74.2-3ubuntu0.8) ...\r\n"}
,{"stream_name":"stdout","time":115.771948286,"data":"Selecting previously unselected package libsoup2.4-1:amd64.\r\n"}
,{"stream_name":"stdout","time":115.787193451,"data":"Preparing to unpack .../137-libsoup2.4-1_2.74.2-3ubuntu0.8_amd64.deb ...\r\n"}
,{"stream_name":"stdout","time":115.805217192,"data":"Unpacking libsoup2.4-1:amd64 (2.74.2-3ubuntu0.8) ...\r\n"}
,{"stream_name":"stdout","time":115.9572505,"data":"Selecting previously unselected package geoclue-2.0.\r\n"}
,{"stream_name":"stdout","time":115.972702543,"data":"Preparing to unpack .../138-geoclue-2.0_2.5.7-3ubuntu3_amd64.deb ...\r\n"}
,{"stream_name":"stdout","time":115.991719016,"data":"Unpacking geoclue-2.0 (2.5.7-3ubuntu3) ...\r\n"}
,{"stream_name":"stdout","time":116.114621881,"data":"Selecting previously unselected package libcdparanoia0:amd64.\r\n"}
,{"stream_name":"stdout","time":116.129660486,"data":"Preparing to unpack .../139-libcdparanoia0_3.10.2+debian-14build2_amd64.deb ...\r\n"}
,{"stream_name":"stdout","time":116.14572807,"data":"Unpacking libcdparanoia0:amd64 (3.10.2+debian-14build2) ...\r\n"}
,{"stream_name":"stdout","time":116.28051212,"data":"Selecting previously unselected package libvisual-0.4-0:amd64.\r\n"}
,{"stream_name":"stdout","time":116.29549988,"data":"Preparing to unpack .../140-libvisual-0.4-0_0.4.0-17build2_amd64.deb ...\r\n"}
,{"stream_name":"stdout","time":116.31162881,"data":"Unpacking libvisual-0.4-0:amd64 (0.4.0-17build2) ...\r\n"}
,{"stream_name":"stdout","time":116.410588968,"data":"Selecting previously unselected package gstreamer1.0-plugins-base:amd64.\r\n"}
,{"stream_name":"stdout","time":116.425358419,"data":"Preparing to unpack .../141-gstreamer1.0-plugins-base_1.20.1-1ubuntu0.7_amd64.deb ...\r\n"}
,{"stream_name":"stdout","time":116.441034819,"data":"Unpacking gstreamer1.0-plugins-base:amd64 (1.20.1-1ubuntu0.7) ...\r\n"}
,{"stream_name":"stdout","time":116.582821118,"data":"Selecting previously unselected package gyp.\r\n"}
,{"stream_name":"stdout","time":116.597675951,"data":"Preparing to unpack .../142-gyp_0.1+20210831gitd6c5dd5-5_all.deb ...\r\n"}
,{"stream_name":"stdout","time":116.614277317,"data":"Unpacking gyp (0.1+20210831gitd6c5dd5-5) ...\r\n"}
,{"stream_name":"stdout","time":116.767524927,"data":"Selecting previously unselected package iio-sensor-proxy.\r\n"}
,{"stream_name":"stdout","time":116.782473445,"data":"Preparing to unpack .../143-iio-sensor-proxy_3.3-0ubuntu6_amd64.deb ...\r\n"}
,{"stream_name":"stdout","time":116.8013926,"data":"Unpacking iio-sensor-proxy (3.3-0ubuntu6) ...\r\n"}
,{"stream_name":"stdout","time":116.960062342,"data":"Selecting previously unselected package javascript-common.\r\n"}
,{"stream_name":"stdout","time":116.974881372,"data":"Preparing to unpack .../144-javascript-common_11+nmu1_all.deb ...\r\n"}
,{"stream_name":"stdout","time":117.010530564,"data":"Unpacking javascript-common (11+nmu1) ...\r\n"}
,{"stream_name":"stdout","time":117.118627511,"data":"Selecting previously unselected package libatk1.0-data.\r\n"}
,{"stream_name":"stdout","time":117.133433413,"data":"Preparing to unpack .../145-libatk1.0-data_2.36.0-3build1_all.deb ...\r\n"}
,{"stream_name":"stdout","time":117.149378169,"data":"Unpacking libatk1.0-data (2.36.0-3build1) ...\r\n"}
,{"stream_name":"stdout","time":117.273976987,"data":"Selecting previously unselected package libatk1.0-0:amd64.\r\n"}
,{"stream_name":"stdout","time":117.289024254,"data":"Preparing to unpack .../146-libatk1.0-0_2.36.0-3build1_amd64.deb ...\r\n"}
,{"stream_name":"stdout","time":117.306025944,"data":"Unpacking libatk1.0-0:amd64 (2.36.0-3build1) ...\r\n"}
,{"stream_name":"stdout","time":117.433532163,"data":"Selecting previously unselected package libatk-bridge2.0-0:amd64.\r\n"}
,{"stream_name":"stdout","time":117.449553776,"data":"Preparing to unpack .../147-libatk-bridge2.0-0_2.38.0-3_amd64.deb ...\r\n"}
,{"stream_name":"stdout","time":117.469537811,"data":"Unpacking libatk-bridge2.0-0:amd64 (2.38.0-3) ...\r\n"}
,{"stream_name":"stdout","time":117.588237688,"data":"Selecting previously unselected package libxcomposite1:amd64.\r\n"}
,{"stream_name":"stdout","time":117.603309977,"data":"Preparing to unpack .../148-libxcomposite1_1%3a0.4.5-1build2_amd64.deb ...\r\n"}
,{"stream_name":"stdout","time":117.619937454,"data":"Unpacking libxcomposite1:amd64 (1:0.4.5-1build2) ...\r\n"}
,{"stream_name":"stdout","time":117.747293212,"data":"Selecting previously unselected package libgtk-3-common.\r\n"}
,{"stream_name":"stdout","time":117.763024875,"data":"Preparing to unpack .../149-libgtk-3-common_3.24.33-1ubuntu2.2_all.deb ...\r\n"}
,{"stream_name":"stdout","time":117.779905304,"data":"Unpacking libgtk-3-common (3.24.33-1ubuntu2.2) ...\r\n"}
,{"stream_name":"stdout","time":117.965175122,"data":"Selecting previously unselected package libgtk-3-0:amd64.\r\n"}
,{"stream_name":"stdout","time":117.980486975,"data":"Preparing to unpack .../150-libgtk-3-0_3.24.33-1ubuntu2.2_amd64.deb ...\r\n"}
,{"stream_name":"stdout","time":118.004155919,"data":"Unpacking libgtk-3-0:amd64 (3.24.33-1ubuntu2.2) ...\r\n"}
,{"stream_name":"stdout","time":118.188170515,"data":"Selecting previously unselected package libgtk-3-bin.\r\n"}
,{"stream_name":"stdout","time":118.203702491,"data":"Preparing to unpack .../151-libgtk-3-bin_3.24.33-1ubuntu2.2_amd64.deb ...\r\n"}
,{"stream_name":"stdout","time":118.221093085,"data":"Unpacking libgtk-3-bin (3.24.33-1ubuntu2.2) ...\r\n"}
,{"stream_name":"stdout","time":118.332819143,"data":"Selecting previously unselected package libjs-events.\r\n"}
,{"stream_name":"stdout","time":118.348073944,"data":"Preparing to unpack .../152-libjs-events_3.3.0+~3.0.0-2_all.deb ...\r\n"}
,{"stream_name":"stdout","time":118.366790864,"data":"Unpacking libjs-events (3.3.0+~3.0.0-2) ...\r\n"}
,{"stream_name":"stdout","time":118.479849708,"data":"Selecting previously unselected package libjs-highlight.js.\r\n"}
,{"stream_name":"stdout","time":118.494781715,"data":"Preparing to unpack .../153-libjs-highlight.js_9.18.5+dfsg1-1_all.deb ...\r\n"}
,{"stream_name":"stdout","time":118.510134945,"data":"Unpacking libjs-highlight.js (9.18.5+dfsg1-1) ...\r\n"}
,{"stream_name":"stdout","time":118.655919531,"data":"Selecting previously unselected package libjs-is-typedarray.\r\n"}
,{"stream_name":"stdout","time":118.670827255,"data":"Preparing to unpack .../154-libjs-is-typedarray_1.0.0-4_all.deb ...\r\n"}
,{"stream_name":"stdout","time":118.688281591,"data":"Unpacking libjs-is-typedarray (1.0.0-4) ...\r\n"}
,{"stream_name":"stdout","time":118.790675364,"data":"Selecting previously unselected package libjs-psl.\r\n"}
,{"stream_name":"stdout","time":118.805741128,"data":"Preparing to unpack .../155-libjs-psl_1.8.0+ds-6_all.deb ...\r\n"}
,{"stream_name":"stdout","time":118.822260786,"data":"Unpacking libjs-psl (1.8.0+ds-6) ...\r\n"}
,{"stream_name":"stdout","time":118.936021463,"data":"Selecting previously unselected package libjs-sprintf-js.\r\n"}
,{"stream_name":"stdout","time":118.950736305,"data":"Preparing to unpack .../156-libjs-sprintf-js_1.1.2+ds1+~1.1.2-1_all.deb ...\r\n"}
,{"stream_name":"stdout","time":118.972205625,"data":"Unpacking libjs-sprintf-js (1.1.2+ds1+~1.1.2-1) ...\r\n"}
,{"stream_name":"stdout","time":119.087530492,"data":"Selecting previously unselected package libjs-typedarray-to-buffer.\r\n"}
,{"stream_name":"stdout","time":119.102538028,"data":"Preparing to unpack .../157-libjs-typedarray-to-buffer_4.0.0-2_all.deb ...\r\n"}
,{"stream_name":"stdout","time":119.11901504,"data":"Unpacking libjs-typedarray-to-buffer (4.0.0-2) ...\r\n"}
,{"stream_name":"stdout","time":119.24754623,"data":"Selecting previously unselected package libmbim-glib4:amd64.\r\n"}
,{"stream_name":"stdout","time":119.263620365,"data":"Preparing to unpack .../158-libmbim-glib4_1.28.0-1~ubuntu20.04.2_amd64.deb ...\r\n"}
,{"stream_name":"stdout","time":119.288833665,"data":"Unpacking libmbim-glib4:amd64 (1.28.0-1~ubuntu20.04.2) ...\r\n"}
,{"stream_name":"stdout","time":119.402823759,"data":"Selecting previously unselected package libmbim-proxy.\r\n"}
,{"stream_name":"stdout","time":119.417492756,"data":"Preparing to unpack .../159-libmbim-proxy_1.28.0-1~ubuntu20.04.2_amd64.deb ...\r\n"}
,{"stream_name":"stdout","time":119.433627593,"data":"Unpacking libmbim-proxy (1.28.0-1~ubuntu20.04.2) ...\r\n"}
,{"stream_name":"stdout","time":119.558703615,"data":"Selecting previously unselected package libnl-genl-3-200:amd64.\r\n"}
,{"stream_name":"stdout","time":119.573627652,"data":"Preparing to unpack .../160-libnl-genl-3-200_3.5.0-0.1_amd64.deb ...\r\n"}
,{"stream_name":"stdout","time":119.59110279,"data":"Unpacking libnl-genl-3-200:amd64 (3.5.0-0.1) ...\r\n"}
,{"stream_name":"stdout","time":119.691019641,"data":"Selecting previously unselected package libuv1-dev:amd64.\r\n"}
,{"stream_name":"stdout","time":119.706134157,"data":"Preparing to unpack .../161-libuv1-dev_1.43.0-1ubuntu0.1_amd64.deb ...\r\n"}
,{"stream_name":"stdout","time":119.723375938,"data":"Unpacking libuv1-dev:amd64 (1.43.0-1ubuntu0.1) ...\r\n"}
,{"stream_name":"stdout","time":119.865639601,"data":"Selecting previously unselected package libc-ares2:amd64.\r\n"}
,{"stream_name":"stdout","time":119.880827231,"data":"Preparing to unpack .../162-libc-ares2_1.18.1-1ubuntu0.22.04.3_amd64.deb ...\r\n"}
,{"stream_name":"stdout","time":119.898573203,"data":"Unpacking libc-ares2:amd64 (1.18.1-1ubuntu0.22.04.3) ...\r\n"}
,{"stream_name":"stdout","time":120.017166749,"data":"Selecting previously unselected package libnode72:amd64.\r\n"}
,{"stream_name":"stdout","time":120.032491844,"data":"Preparing to unpack .../163-libnode72_12.22.9~dfsg-1ubuntu3.6_amd64.deb ...\r\n"}
,{"stream_name":"stdout","time":120.048683632,"data":"Unpacking libnode72:amd64 (12.22.9~dfsg-1ubuntu3.6) ...\r\n"}
,{"stream_name":"stdout","time":120.41128301,"data":"Selecting previously unselected package libnode-dev.\r\n"}
,{"stream_name":"stdout","time":120.426178507,"data":"Preparing to unpack .../164-libnode-dev_12.22.9~dfsg-1ubuntu3.6_amd64.deb ...\r\n"}
,{"stream_name":"stdout","time":120.442531628,"data":"Unpacking libnode-dev (12.22.9~dfsg-1ubuntu3.6) ...\r\n"}
,{"stream_name":"stdout","time":120.845270014,"data":"Selecting previously unselected package libnotify-bin.\r\n"}
,{"stream_name":"stdout","time":120.861160823,"data":"Preparing to unpack .../165-libnotify-bin_0.7.9-3ubuntu5.22.04.1_amd64.deb ...\r\n"}
,{"stream_name":"stdout","time":120.878055657,"data":"Unpacking libnotify-bin (0.7.9-3ubuntu5.22.04.1) ...\r\n"}
,{"stream_name":"stdout","time":121.01264276,"data":"Selecting previously unselected package libnss-mdns:amd64.\r\n"}
,{"stream_name":"stdout","time":121.028629853,"data":"Preparing to unpack .../166-libnss-mdns_0.15.1-1ubuntu1_amd64.deb ...\r\n"}
,{"stream_name":"stdout","time":121.045015222,"data":"Unpacking libnss-mdns:amd64 (0.15.1-1ubuntu1) ...\r\n"}
,{"stream_name":"stdout","time":121.176531575,"data":"Selecting previously unselected package libqmi-glib5:amd64.\r\n"}
,{"stream_name":"stdout","time":121.192185071,"data":"Preparing to unpack .../167-libqmi-glib5_1.32.0-1ubuntu0.22.04.1_amd64.deb ...\r\n"}
,{"stream_name":"stdout","time":121.208617057,"data":"Unpacking libqmi-glib5:amd64 (1.32.0-1ubuntu0.22.04.1) ...\r\n"}
,{"stream_name":"stdout","time":121.327629608,"data":"Selecting previously unselected package libqmi-proxy.\r\n"}
,{"stream_name":"stdout","time":121.345924516,"data":"Preparing to unpack .../168-libqmi-proxy_1.32.0-1ubuntu0.22.04.1_amd64.deb ...\r\n"}
,{"stream_name":"stdout","time":121.363628528,"data":"Unpacking libqmi-proxy (1.32.0-1ubuntu0.22.04.1) ...\r\n"}
,{"stream_name":"stdout","time":121.475683641,"data":"Selecting previously unselected package libwacom-bin.\r\n"}
,{"stream_name":"stdout","time":121.491431778,"data":"Preparing to unpack .../169-libwacom-bin_2.2.0-1_amd64.deb ...\r\n"}
,{"stream_name":"stdout","time":121.50779269,"data":"Unpacking libwacom-bin (2.2.0-1) ...\r\n"}
,{"stream_name":"stdout","time":121.640342269,"data":"Selecting previously unselected package modemmanager.\r\n"}
,{"stream_name":"stdout","time":121.655680247,"data":"Preparing to unpack .../170-modemmanager_1.20.0-1~ubuntu22.04.4_amd64.deb ...\r\n"}
,{"stream_name":"stdout","time":121.674119336,"data":"Unpacking modemmanager (1.20.0-1~ubuntu22.04.4) ...\r\n"}
,{"stream_name":"stdout","time":121.831139592,"data":"Selecting previously unselected package nodejs.\r\n"}
,{"stream_name":"stdout","time":121.846407794,"data":"Preparing to unpack .../171-nodejs_12.22.9~dfsg-1ubuntu3.6_amd64.deb ...\r\n"}
,{"stream_name":"stdout","time":121.870591645,"data":"Unpacking nodejs (12.22.9~dfsg-1ubuntu3.6) ...\r\n"}
,{"stream_name":"stdout","time":121.985537325,"data":"Selecting previously unselected package node-abab.\r\n"}
,{"stream_name":"stdout","time":122.000470074,"data":"Preparing to unpack .../172-node-abab_2.0.5-2_all.deb ...\r\n"}
,{"stream_name":"stdout","time":122.016851372,"data":"Unpacking node-abab (2.0.5-2) ...\r\n"}
,{"stream_name":"stdout","time":122.120969494,"data":"Selecting previously unselected package node-ms.\r\n"}
,{"stream_name":"stdout","time":122.136080159,"data":"Preparing to unpack .../173-node-ms_2.1.3+~cs0.7.31-2_all.deb ...\r\n"}
,{"stream_name":"stdout","time":122.152008578,"data":"Unpacking node-ms (2.1.3+~cs0.7.31-2) ...\r\n"}
,{"stream_name":"stdout","time":122.254782967,"data":"Selecting previously unselected package node-debug.\r\n"}
,{"stream_name":"stdout","time":122.271312588,"data":"Preparing to unpack .../174-node-debug_4.3.2+~cs4.1.7-1_all.deb ...\r\n"}
,{"stream_name":"stdout","time":122.287451082,"data":"Unpacking node-debug (4.3.2+~cs4.1.7-1) ...\r\n"}
,{"stream_name":"stdout","time":122.384703749,"data":"Selecting previously unselected package node-yallist.\r\n"}
,{"stream_name":"stdout","time":122.399807479,"data":"Preparing to unpack .../175-node-yallist_4.0.0+~4.0.1-1_all.deb ...\r\n"}
,{"stream_name":"stdout","time":122.417090301,"data":"Unpacking node-yallist (4.0.0+~4.0.1-1) ...\r\n"}
,{"stream_name":"stdout","time":122.530464538,"data":"Selecting previously unselected package node-lru-cache.\r\n"}
,{"stream_name":"stdout","time":122.546228329,"data":"Preparing to unpack .../176-node-lru-cache_6.0.0+~5.1.1-1_all.deb ...\r\n"}
,{"stream_name":"stdout","time":122.563371907,"data":"Unpacking node-lru-cache (6.0.0+~5.1.1-1) ...\r\n"}
,{"stream_name":"stdout","time":122.661521959,"data":"Selecting previously unselected package node-semver.\r\n"}
,{"stream_name":"stdout","time":122.676359797,"data":"Preparing to unpack .../177-node-semver_7.3.5+~7.3.8-1_all.deb ...\r\n"}
,{"stream_name":"stdout","time":122.692741269,"data":"Unpacking node-semver (7.3.5+~7.3.8-1) ...\r\n"}
,{"stream_name":"stdout","time":122.819396024,"data":"Selecting previously unselected package node-agent-base.\r\n"}
,{"stream_name":"stdout","time":122.834433899,"data":"Preparing to unpack .../178-node-agent-base_6.0.2+~cs5.4.2-1_all.deb ...\r\n"}
,{"stream_name":"stdout","time":122.854519282,"data":"Unpacking node-agent-base (6.0.2+~cs5.4.2-1) ...\r\n"}
,{"stream_name":"stdout","time":122.972272926,"data":"Selecting previously unselected package node-ansi-regex.\r\n"}
,{"stream_name":"stdout","time":122.987476598,"data":"Preparing to unpack .../179-node-ansi-regex_5.0.1-1_all.deb ...\r\n"}
,{"stream_name":"stdout","time":123.006780895,"data":"Unpacking node-ansi-regex (5.0.1-1) ...\r\n"}
,{"stream_name":"stdout","time":123.112992797,"data":"Selecting previously unselected package node-ansistyles.\r\n"}
,{"stream_name":"stdout","time":123.129149513,"data":"Preparing to unpack .../180-node-ansistyles_0.1.3-5_all.deb ...\r\n"}
,{"stream_name":"stdout","time":123.147559835,"data":"Unpacking node-ansistyles (0.1.3-5) ...\r\n"}
,{"stream_name":"stdout","time":123.507552269,"data":"Selecting previously unselected package node-aproba.\r\n"}
,{"stream_name":"stdout","time":123.522311483,"data":"Preparing to unpack .../181-node-aproba_2.0.0-2_all.deb ...\r\n"}
,{"stream_name":"stdout","time":123.538574665,"data":"Unpacking node-aproba (2.0.0-2) ...\r\n"}
,{"stream_name":"stdout","time":123.631791419,"data":"Selecting previously unselected package node-delegates.\r\n"}
,{"stream_name":"stdout","time":123.646746228,"data":"Preparing to unpack .../182-node-delegates_1.0.0-3_all.deb ...\r\n"}
,{"stream_name":"stdout","time":123.662941146,"data":"Unpacking node-delegates (1.0.0-3) ...\r\n"}
,{"stream_name":"stdout","time":123.777387368,"data":"Selecting previously unselected package libjs-inherits.\r\n"}
,{"stream_name":"stdout","time":123.792285565,"data":"Preparing to unpack .../183-libjs-inherits_2.0.4-4_all.deb ...\r\n"}
,{"stream_name":"stdout","time":123.812159728,"data":"Unpacking libjs-inherits (2.0.4-4) ...\r\n"}
,{"stream_name":"stdout","time":123.918458956,"data":"Selecting previously unselected package node-inherits.\r\n"}
,{"stream_name":"stdout","time":123.934945681,"data":"Preparing to unpack .../184-node-inherits_2.0.4-4_all.deb ...\r\n"}
,{"stream_name":"stdout","time":123.95440252,"data":"Unpacking node-inherits (2.0.4-4) ...\r\n"}
,{"stream_name":"stdout","time":124.064656668,"data":"Selecting previously unselected package node-core-util-is.\r\n"}
,{"stream_name":"stdout","time":124.080301444,"data":"Preparing to unpack .../185-node-core-util-is_1.0.3-1_all.deb ...\r\n"}
,{"stream_name":"stdout","time":124.097326561,"data":"Unpacking node-core-util-is (1.0.3-1) ...\r\n"}
,{"stream_name":"stdout","time":124.19812689,"data":"Selecting previously unselected package node-safe-buffer.\r\n"}
,{"stream_name":"stdout","time":124.214730777,"data":"Preparing to unpack .../186-node-safe-buffer_5.2.1+~cs2.1.2-2_all.deb ...\r\n"}
,{"stream_name":"stdout","time":124.229991604,"data":"Unpacking node-safe-buffer (5.2.1+~cs2.1.2-2) ...\r\n"}
,{"stream_name":"stdout","time":124.337869044,"data":"Selecting previously unselected package node-string-decoder.\r\n"}
,{"stream_name":"stdout","time":124.353048138,"data":"Preparing to unpack .../187-node-string-decoder_1.3.0-5_all.deb ...\r\n"}
,{"stream_name":"stdout","time":124.370743302,"data":"Unpacking node-string-decoder (1.3.0-5) ...\r\n"}
,{"stream_name":"stdout","time":124.474966506,"data":"Selecting previously unselected package node-process-nextick-args.\r\n"}
,{"stream_name":"stdout","time":124.490115996,"data":"Preparing to unpack .../188-node-process-nextick-args_2.0.1-2_all.deb ...\r\n"}
,{"stream_name":"stdout","time":124.506607317,"data":"Unpacking node-process-nextick-args (2.0.1-2) ...\r\n"}
,{"stream_name":"stdout","time":124.62112276,"data":"Selecting previously unselected package node-util-deprecate.\r\n"}
,{"stream_name":"stdout","time":124.636493988,"data":"Preparing to unpack .../189-node-util-deprecate_1.0.2-3_all.deb ...\r\n"}
,{"stream_name":"stdout","time":124.653306073,"data":"Unpacking node-util-deprecate (1.0.2-3) ...\r\n"}
,{"stream_name":"stdout","time":124.760021509,"data":"Selecting previously unselected package node-isarray.\r\n"}
,{"stream_name":"stdout","time":124.774924798,"data":"Preparing to unpack .../190-node-isarray_2.0.5-3_all.deb ...\r\n"}
,{"stream_name":"stdout","time":124.790612942,"data":"Unpacking node-isarray (2.0.5-3) ...\r\n"}
,{"stream_name":"stdout","time":124.902368293,"data":"Selecting previously unselected package node-readable-stream.\r\n"}
,{"stream_name":"stdout","time":124.91765626,"data":"Preparing to unpack .../191-node-readable-stream_3.6.0+~cs3.0.0-1_all.deb ...\r\n"}
,{"stream_name":"stdout","time":124.938184386,"data":"Unpacking node-readable-stream (3.6.0+~cs3.0.0-1) ...\r\n"}
,{"stream_name":"stdout","time":125.038161986,"data":"Selecting previously unselected package node-are-we-there-yet.\r\n"}
,{"stream_name":"stdout","time":125.053341919,"data":"Preparing to unpack .../192-node-are-we-there-yet_3.0.0+~1.1.0-1_all.deb ...\r\n"}
,{"stream_name":"stdout","time":125.069219209,"data":"Unpacking node-are-we-there-yet (3.0.0+~1.1.0-1) ...\r\n"}
,{"stream_name":"stdout","time":125.172480688,"data":"Selecting previously unselected package node-arrify.\r\n"}
,{"stream_name":"stdout","time":125.188344486,"data":"Preparing to unpack .../193-node-arrify_2.0.1-2_all.deb ...\r\n"}
,{"stream_name":"stdout","time":125.206181458,"data":"Unpacking node-arrify (2.0.1-2) ...\r\n"}
,{"stream_name":"stdout","time":125.307287119,"data":"Selecting previously unselected package node-asap.\r\n"}
,{"stream_name":"stdout","time":125.323750466,"data":"Preparing to unpack .../194-node-asap_2.0.6+~2.0.0-1_all.deb ...\r\n"}
,{"stream_name":"stdout","time":125.341610972,"data":"Unpacking node-asap (2.0.6+~2.0.0-1) ...\r\n"}
,{"stream_name":"stdout","time":125.458119247,"data":"Selecting previously unselected package node-asynckit.\r\n"}
,{"stream_name":"stdout","time":125.473394277,"data":"Preparing to unpack .../195-node-asynckit_0.4.0-4_all.deb ...\r\n"}
,{"stream_name":"stdout","time":125.49352359,"data":"Unpacking node-asynckit (0.4.0-4) ...\r\n"}
,{"stream_name":"stdout","time":125.600742295,"data":"Selecting previously unselected package node-builtins.\r\n"}
,{"stream_name":"stdout","time":125.617184401,"data":"Preparing to unpack .../196-node-builtins_4.0.0-1_all.deb ...\r\n"}
,{"stream_name":"stdout","time":125.634589241,"data":"Unpacking node-builtins (4.0.0-1) ...\r\n"}
,{"stream_name":"stdout","time":125.732502125,"data":"Selecting previously unselected package node-chownr.\r\n"}
,{"stream_name":"stdout","time":125.747750829,"data":"Preparing to unpack .../197-node-chownr_2.0.0-1_all.deb ...\r\n"}
,{"stream_name":"stdout","time":125.76493558600001,"data":"Unpacking node-chownr (2.0.0-1) ...\r\n"}
,{"stream_name":"stdout","time":125.869605224,"data":"Selecting previously unselected package node-fs.realpath.\r\n"}
,{"stream_name":"stdout","time":125.8851934,"data":"Preparing to unpack .../198-node-fs.realpath_1.0.0-2_all.deb ...\r\n"}
,{"stream_name":"stdout","time":125.903856253,"data":"Unpacking node-fs.realpath (1.0.0-2) ...\r\n"}
,{"stream_name":"stdout","time":126.016794072,"data":"Selecting previously unselected package node-wrappy.\r\n"}
,{"stream_name":"stdout","time":126.031550167,"data":"Preparing to unpack .../199-node-wrappy_1.0.2-2_all.deb ...\r\n"}
,{"stream_name":"stdout","time":126.049902267,"data":"Unpacking node-wrappy (1.0.2-2) ...\r\n"}
,{"stream_name":"stdout","time":126.152951568,"data":"Selecting previously unselected package node-once.\r\n"}
,{"stream_name":"stdout","time":126.167921732,"data":"Preparing to unpack .../200-node-once_1.4.0-4_all.deb ...\r\n"}
,{"stream_name":"stdout","time":126.185009345,"data":"Unpacking node-once (1.4.0-4) ...\r\n"}
,{"stream_name":"stdout","time":126.286135589,"data":"Selecting previously unselected package node-inflight.\r\n"}
,{"stream_name":"stdout","time":126.302572917,"data":"Preparing to unpack .../201-node-inflight_1.0.6-2_all.deb ...\r\n"}
,{"stream_name":"stdout","time":126.320296816,"data":"Unpacking node-inflight (1.0.6-2) ...\r\n"}
,{"stream_name":"stdout","time":126.430398708,"data":"Selecting previously unselected package node-balanced-match.\r\n"}
,{"stream_name":"stdout","time":126.445997936,"data":"Preparing to unpack .../202-node-balanced-match_2.0.0-1_all.deb ...\r\n"}
,{"stream_name":"stdout","time":126.463970919,"data":"Unpacking node-balanced-match (2.0.0-1) ...\r\n"}
,{"stream_name":"stdout","time":126.576580375,"data":"Selecting previously unselected package node-brace-expansion.\r\n"}
,{"stream_name":"stdout","time":126.591734726,"data":"Preparing to unpack .../203-node-brace-expansion_2.0.1-1_all.deb ...\r\n"}
,{"stream_name":"stdout","time":126.610662623,"data":"Unpacking node-brace-expansion (2.0.1-1) ...\r\n"}
,{"stream_name":"stdout","time":126.717120077,"data":"Selecting previously unselected package node-minimatch.\r\n"}
,{"stream_name":"stdout","time":126.732323983,"data":"Preparing to unpack .../204-node-minimatch_3.1.1+~3.0.5-1_all.deb ...\r\n"}
,{"stream_name":"stdout","time":126.749367067,"data":"Unpacking node-minimatch (3.1.1+~3.0.5-1) ...\r\n"}
,{"stream_name":"stdout","time":126.858031281,"data":"Selecting previously unselected package node-path-is-absolute.\r\n"}
,{"stream_name":"stdout","time":126.873470666,"data":"Preparing to unpack .../205-node-path-is-absolute_2.0.0-2_all.deb ...\r\n"}
,{"stream_name":"stdout","time":126.892549036,"data":"Unpacking node-path-is-absolute (2.0.0-2) ...\r\n"}
,{"stream_name":"stdout","time":127.002950639,"data":"Selecting previously unselected package node-glob.\r\n"}
,{"stream_name":"stdout","time":127.017722589,"data":"Preparing to unpack .../206-node-glob_7.2.1+~cs7.6.15-1_all.deb ...\r\n"}
,{"stream_name":"stdout","time":127.033864518,"data":"Unpacking node-glob (7.2.1+~cs7.6.15-1) ...\r\n"}
,{"stream_name":"stdout","time":127.146205611,"data":"Selecting previously unselected package node-graceful-fs.\r\n"}
,{"stream_name":"stdout","time":127.161281352,"data":"Preparing to unpack .../207-node-graceful-fs_4.2.4+repack-1_all.deb ...\r\n"}
,{"stream_name":"stdout","time":127.178664494,"data":"Unpacking node-graceful-fs (4.2.4+repack-1) ...\r\n"}
,{"stream_name":"stdout","time":127.283128614,"data":"Selecting previously unselected package node-mkdirp.\r\n"}
,{"stream_name":"stdout","time":127.299523158,"data":"Preparing to unpack .../208-node-mkdirp_1.0.4+~1.0.2-1_all.deb ...\r\n"}
,{"stream_name":"stdout","time":127.316498299,"data":"Unpacking node-mkdirp (1.0.4+~1.0.2-1) ...\r\n"}
,{"stream_name":"stdout","time":127.427986735,"data":"Selecting previously unselected package node-iferr.\r\n"}
,{"stream_name":"stdout","time":127.443415167,"data":"Preparing to unpack .../209-node-iferr_1.0.2+~1.0.2-1_all.deb ...\r\n"}
,{"stream_name":"stdout","time":127.463893501,"data":"Unpacking node-iferr (1.0.2+~1.0.2-1) ...\r\n"}
,{"stream_name":"stdout","time":127.580151747,"data":"Selecting previously unselected package node-imurmurhash.\r\n"}
,{"stream_name":"stdout","time":127.59521856,"data":"Preparing to unpack .../210-node-imurmurhash_0.1.4+dfsg+~0.1.1-1_all.deb ...\r\n"}
,{"stream_name":"stdout","time":127.612675826,"data":"Unpacking node-imurmurhash (0.1.4+dfsg+~0.1.1-1) ...\r\n"}
,{"stream_name":"stdout","time":127.71972747,"data":"Selecting previously unselected package node-fs-write-stream-atomic.\r\n"}
,{"stream_name":"stdout","time":127.735008856,"data":"Preparing to unpack .../211-node-fs-write-stream-atomic_1.0.10-5_all.deb ...\r\n"}
,{"stream_name":"stdout","time":127.754132979,"data":"Unpacking node-fs-write-stream-atomic (1.0.10-5) ...\r\n"}
,{"stream_name":"stdout","time":127.859311386,"data":"Selecting previously unselected package node-rimraf.\r\n"}
,{"stream_name":"stdout","time":127.874421322,"data":"Preparing to unpack .../212-node-rimraf_3.0.2-1_all.deb ...\r\n"}
,{"stream_name":"stdout","time":127.893166897,"data":"Unpacking node-rimraf (3.0.2-1) ...\r\n"}
,{"stream_name":"stdout","time":128.004764033,"data":"Selecting previously unselected package node-run-queue.\r\n"}
,{"stream_name":"stdout","time":128.02005395,"data":"Preparing to unpack .../213-node-run-queue_2.0.0-2_all.deb ...\r\n"}
,{"stream_name":"stdout","time":128.037737244,"data":"Unpacking node-run-queue (2.0.0-2) ...\r\n"}
,{"stream_name":"stdout","time":128.142312248,"data":"Selecting previously unselected package node-copy-concurrently.\r\n"}
,{"stream_name":"stdout","time":128.157486522,"data":"Preparing to unpack .../214-node-copy-concurrently_1.0.5-8_all.deb ...\r\n"}
,{"stream_name":"stdout","time":128.174495113,"data":"Unpacking node-copy-concurrently (1.0.5-8) ...\r\n"}
,{"stream_name":"stdout","time":128.29057432,"data":"Selecting previously unselected package node-move-concurrently.\r\n"}
,{"stream_name":"stdout","time":128.3070808,"data":"Preparing to unpack .../215-node-move-concurrently_1.0.1-4_all.deb ...\r\n"}
,{"stream_name":"stdout","time":128.326809097,"data":"Unpacking node-move-concurrently (1.0.1-4) ...\r\n"}
,{"stream_name":"stdout","time":128.444809517,"data":"Selecting previously unselected package node-escape-string-regexp.\r\n"}
,{"stream_name":"stdout","time":128.460136259,"data":"Preparing to unpack .../216-node-escape-string-regexp_4.0.0-2_all.deb ...\r\n"}
,{"stream_name":"stdout","time":128.480037452,"data":"Unpacking node-escape-string-regexp (4.0.0-2) ...\r\n"}
,{"stream_name":"stdout","time":128.59306217,"data":"Selecting previously unselected package node-indent-string.\r\n"}
,{"stream_name":"stdout","time":128.608215798,"data":"Preparing to unpack .../217-node-indent-string_4.0.0-2_all.deb ...\r\n"}
,{"stream_name":"stdout","time":128.626768286,"data":"Unpacking node-indent-string (4.0.0-2) ...\r\n"}
,{"stream_name":"stdout","time":128.729032909,"data":"Selecting previously unselected package node-p-map.\r\n"}
,{"stream_name":"stdout","time":128.744044355,"data":"Preparing to unpack .../218-node-p-map_4.0.0+~3.1.0+~3.0.1-1_all.deb ...\r\n"}
,{"stream_name":"stdout","time":128.763641873,"data":"Unpacking node-p-map (4.0.0+~3.1.0+~3.0.1-1) ...\r\n"}
,{"stream_name":"stdout","time":130.418383404,"data":"Selecting previously unselected package node-promise-inflight.\r\n"}
,{"stream_name":"stdout","time":130.43359209,"data":"Preparing to unpack .../219-node-promise-inflight_1.0.1+~1.0.0-1_all.deb ...\r\n"}
,{"stream_name":"stdout","time":130.452940736,"data":"Unpacking node-promise-inflight (1.0.1+~1.0.0-1) ...\r\n"}
,{"stream_name":"stdout","time":130.557053746,"data":"Selecting previously unselected package node-ssri.\r\n"}
,{"stream_name":"stdout","time":130.572068944,"data":"Preparing to unpack .../220-node-ssri_8.0.1-2_all.deb ...\r\n"}
,{"stream_name":"stdout","time":130.589581482,"data":"Unpacking node-ssri (8.0.1-2) ...\r\n"}
,{"stream_name":"stdout","time":130.700606999,"data":"Selecting previously unselected package node-unique-filename.\r\n"}
,{"stream_name":"stdout","time":130.715938048,"data":"Preparing to unpack .../221-node-unique-filename_1.1.1+ds-1_all.deb ...\r\n"}
,{"stream_name":"stdout","time":130.734536633,"data":"Unpacking node-unique-filename (1.1.1+ds-1) ...\r\n"}
,{"stream_name":"stdout","time":130.848222498,"data":"Selecting previously unselected package node-cacache.\r\n"}
,{"stream_name":"stdout","time":130.864620978,"data":"Preparing to unpack .../222-node-cacache_15.0.5+~cs13.9.21-3_all.deb ...\r\n"}
,{"stream_name":"stdout","time":130.885563938,"data":"Unpacking node-cacache (15.0.5+~cs13.9.21-3) ...\r\n"}
,{"stream_name":"stdout","time":131.018639241,"data":"Selecting previously unselected package node-clean-yaml-object.\r\n"}
,{"stream_name":"stdout","time":131.035340517,"data":"Preparing to unpack .../223-node-clean-yaml-object_0.1.0-5_all.deb ...\r\n"}
,{"stream_name":"stdout","time":131.053092404,"data":"Unpacking node-clean-yaml-object (0.1.0-5) ...\r\n"}
,{"stream_name":"stdout","time":131.16091207,"data":"Selecting previously unselected package node-clone.\r\n"}
,{"stream_name":"stdout","time":131.175974914,"data":"Preparing to unpack .../224-node-clone_2.1.2-3_all.deb ...\r\n"}
,{"stream_name":"stdout","time":131.193498812,"data":"Unpacking node-clone (2.1.2-3) ...\r\n"}
,{"stream_name":"stdout","time":131.290540561,"data":"Selecting previously unselected package node-color-name.\r\n"}
,{"stream_name":"stdout","time":131.305407688,"data":"Preparing to unpack .../225-node-color-name_1.1.4+~1.1.1-2_all.deb ...\r\n"}
,{"stream_name":"stdout","time":131.320388749,"data":"Unpacking node-color-name (1.1.4+~1.1.1-2) ...\r\n"}
,{"stream_name":"stdout","time":131.429810044,"data":"Selecting previously unselected package node-color-convert.\r\n"}
,{"stream_name":"stdout","time":131.447122053,"data":"Preparing to unpack .../226-node-color-convert_2.0.1-1_all.deb ...\r\n"}
,{"stream_name":"stdout","time":131.465591844,"data":"Unpacking node-color-convert (2.0.1-1) ...\r\n"}
,{"stream_name":"stdout","time":131.566028247,"data":"Selecting previously unselected package node-colors.\r\n"}
,{"stream_name":"stdout","time":131.581377989,"data":"Preparing to unpack .../227-node-colors_1.4.0-3_all.deb ...\r\n"}
,{"stream_name":"stdout","time":131.596911447,"data":"Unpacking node-colors (1.4.0-3) ...\r\n"}
,{"stream_name":"stdout","time":131.698439606,"data":"Selecting previously unselected package node-strip-ansi.\r\n"}
,{"stream_name":"stdout","time":131.713879086,"data":"Preparing to unpack .../228-node-strip-ansi_6.0.1-1_all.deb ...\r\n"}
,{"stream_name":"stdout","time":131.730725331,"data":"Unpacking node-strip-ansi (6.0.1-1) ...\r\n"}
,{"stream_name":"stdout","time":131.840264379,"data":"Selecting previously unselected package node-defaults.\r\n"}
,{"stream_name":"stdout","time":131.855440359,"data":"Preparing to unpack .../229-node-defaults_1.0.3+~1.0.3-1_all.deb ...\r\n"}
,{"stream_name":"stdout","time":131.871676172,"data":"Unpacking node-defaults (1.0.3+~1.0.3-1) ...\r\n"}
,{"stream_name":"stdout","time":131.974020638,"data":"Selecting previously unselected package node-wcwidth.js.\r\n"}
,{"stream_name":"stdout","time":131.989103068,"data":"Preparing to unpack .../230-node-wcwidth.js_1.0.2-1_all.deb ...\r\n"}
,{"stream_name":"stdout","time":132.003762823,"data":"Unpacking node-wcwidth.js (1.0.2-1) ...\r\n"}
,{"stream_name":"stdout","time":132.095987165,"data":"Selecting previously unselected package node-columnify.\r\n"}
,{"stream_name":"stdout","time":132.111021604,"data":"Preparing to unpack .../231-node-columnify_1.5.4+~1.5.1-1_all.deb ...\r\n"}
,{"stream_name":"stdout","time":132.128634814,"data":"Unpacking node-columnify (1.5.4+~1.5.1-1) ...\r\n"}
,{"stream_name":"stdout","time":132.225827199,"data":"Selecting previously unselected package node-console-control-strings.\r\n"}
,{"stream_name":"stdout","time":132.241075443,"data":"Preparing to unpack .../232-node-console-control-strings_1.1.0-2_all.deb ...\r\n"}
,{"stream_name":"stdout","time":132.257747983,"data":"Unpacking node-console-control-strings (1.1.0-2) ...\r\n"}
,{"stream_name":"stdout","time":132.351756966,"data":"Selecting previously unselected package node-growl.\r\n"}
,{"stream_name":"stdout","time":132.36668212,"data":"Preparing to unpack .../233-node-growl_1.10.5-4_all.deb ...\r\n"}
,{"stream_name":"stdout","time":132.383007113,"data":"Unpacking node-growl (1.10.5-4) ...\r\n"}
,{"stream_name":"stdout","time":132.505262506,"data":"Selecting previously unselected package node-sprintf-js.\r\n"}
,{"stream_name":"stdout","time":132.520285412,"data":"Preparing to unpack .../234-node-sprintf-js_1.1.2+ds1+~1.1.2-1_all.deb ...\r\n"}
,{"stream_name":"stdout","time":132.544453615,"data":"Unpacking node-sprintf-js (1.1.2+ds1+~1.1.2-1) ...\r\n"}
,{"stream_name":"stdout","time":132.642380113,"data":"Selecting previously unselected package node-argparse.\r\n"}
,{"stream_name":"stdout","time":132.657456267,"data":"Preparing to unpack .../235-node-argparse_2.0.1-2_all.deb ...\r\n"}
,{"stream_name":"stdout","time":132.67370754,"data":"Unpacking node-argparse (2.0.1-2) ...\r\n"}
,{"stream_name":"stdout","time":132.806176991,"data":"Selecting previously unselected package node-esprima.\r\n"}
,{"stream_name":"stdout","time":132.821221198,"data":"Preparing to unpack .../236-node-esprima_4.0.1+ds+~4.0.3-2_all.deb ...\r\n"}
,{"stream_name":"stdout","time":132.850395556,"data":"Unpacking node-esprima (4.0.1+ds+~4.0.3-2) ...\r\n"}
,{"stream_name":"stdout","time":132.966811574,"data":"Selecting previously unselected package node-js-yaml.\r\n"}
,{"stream_name":"stdout","time":132.981906236,"data":"Preparing to unpack .../237-node-js-yaml_4.1.0+dfsg+~4.0.5-6_all.deb ...\r\n"}
,{"stream_name":"stdout","time":133.007197013,"data":"Unpacking node-js-yaml (4.1.0+dfsg+~4.0.5-6) ...\r\n"}
,{"stream_name":"stdout","time":133.122370272,"data":"Selecting previously unselected package node-lcov-parse.\r\n"}
,{"stream_name":"stdout","time":133.138736856,"data":"Preparing to unpack .../238-node-lcov-parse_1.0.0+20170612git80d039574ed9-5_all.deb ...\r\n"}
,{"stream_name":"stdout","time":133.154816904,"data":"Unpacking node-lcov-parse (1.0.0+20170612git80d039574ed9-5) ...\r\n"}
,{"stream_name":"stdout","time":133.268352453,"data":"Selecting previously unselected package node-log-driver.\r\n"}
,{"stream_name":"stdout","time":133.283881023,"data":"Preparing to unpack .../239-node-log-driver_1.2.7+git+20180219+bba1761737-7_all.deb ...\r\n"}
,{"stream_name":"stdout","time":133.300146673,"data":"Unpacking node-log-driver (1.2.7+git+20180219+bba1761737-7) ...\r\n"}
,{"stream_name":"stdout","time":133.402675839,"data":"Selecting previously unselected package node-is-plain-obj.\r\n"}
,{"stream_name":"stdout","time":133.417564418,"data":"Preparing to unpack .../240-node-is-plain-obj_3.0.0-2_all.deb ...\r\n"}
,{"stream_name":"stdout","time":133.434165554,"data":"Unpacking node-is-plain-obj (3.0.0-2) ...\r\n"}
,{"stream_name":"stdout","time":133.541524926,"data":"Selecting previously unselected package node-is-buffer.\r\n"}
,{"stream_name":"stdout","time":133.556720558,"data":"Preparing to unpack .../241-node-is-buffer_2.0.5-2_all.deb ...\r\n"}
,{"stream_name":"stdout","time":133.571135506,"data":"Unpacking node-is-buffer (2.0.5-2) ...\r\n"}
,{"stream_name":"stdout","time":133.660357466,"data":"Selecting previously unselected package node-kind-of.\r\n"}
,{"stream_name":"stdout","time":133.67576417,"data":"Preparing to unpack .../242-node-kind-of_6.0.3+dfsg-2_all.deb ...\r\n"}
,{"stream_name":"stdout","time":133.693189537,"data":"Unpacking node-kind-of (6.0.3+dfsg-2) ...\r\n"}
,{"stream_name":"stdout","time":133.784024976,"data":"Selecting previously unselected package node-minimist.\r\n"}
,{"stream_name":"stdout","time":133.799248258,"data":"Preparing to unpack .../243-node-minimist_1.2.5+~cs5.3.2-1_all.deb ...\r\n"}
,{"stream_name":"stdout","time":133.815250676,"data":"Unpacking node-minimist (1.2.5+~cs5.3.2-1) ...\r\n"}
,{"stream_name":"stdout","time":133.907051025,"data":"Selecting previously unselected package node-cssom.\r\n"}
,{"stream_name":"stdout","time":133.922150907,"data":"Preparing to unpack .../244-node-cssom_0.4.4-3_all.deb ...\r\n"}
,{"stream_name":"stdout","time":133.938105993,"data":"Unpacking node-cssom (0.4.4-3) ...\r\n"}
,{"stream_name":"stdout","time":134.044187164,"data":"Selecting previously unselected package node-cssstyle.\r\n"}
,{"stream_name":"stdout","time":134.05939627,"data":"Preparing to unpack .../245-node-cssstyle_2.3.0-2_all.deb ...\r\n"}
,{"stream_name":"stdout","time":134.075356255,"data":"Unpacking node-cssstyle (2.3.0-2) ...\r\n"}
,{"stream_name":"stdout","time":134.189102476,"data":"Selecting previously unselected package node-delayed-stream.\r\n"}
,{"stream_name":"stdout","time":134.204438976,"data":"Preparing to unpack .../246-node-delayed-stream_1.0.0-5_all.deb ...\r\n"}
,{"stream_name":"stdout","time":134.218331866,"data":"Unpacking node-delayed-stream (1.0.0-5) ...\r\n"}
,{"stream_name":"stdout","time":134.303857582,"data":"Selecting previously unselected package node-combined-stream.\r\n"}
,{"stream_name":"stdout","time":134.319009048,"data":"Preparing to unpack .../247-node-combined-stream_1.0.8+~1.0.3-1_all.deb ...\r\n"}
,{"stream_name":"stdout","time":134.333969935,"data":"Unpacking node-combined-stream (1.0.8+~1.0.3-1) ...\r\n"}
,{"stream_name":"stdout","time":134.460733596,"data":"Selecting previously unselected package node-mime.\r\n"}
,{"stream_name":"stdout","time":134.476072448,"data":"Preparing to unpack .../248-node-mime_3.0.0+dfsg+~cs3.96.1-1_all.deb ...\r\n"}
,{"stream_name":"stdout","time":134.500775025,"data":"Unpacking node-mime (3.0.0+dfsg+~cs3.96.1-1) ...\r\n"}
,{"stream_name":"stdout","time":134.655512707,"data":"Selecting previously unselected package node-mime-types.\r\n"}
,{"stream_name":"stdout","time":134.671038523,"data":"Preparing to unpack .../249-node-mime-types_2.1.33-1_all.deb ...\r\n"}
,{"stream_name":"stdout","time":134.686217612,"data":"Unpacking node-mime-types (2.1.33-1) ...\r\n"}
,{"stream_name":"stdout","time":134.780571258,"data":"Selecting previously unselected package node-form-data.\r\n"}
,{"stream_name":"stdout","time":134.796068819,"data":"Preparing to unpack .../250-node-form-data_3.0.1-1_all.deb ...\r\n"}
,{"stream_name":"stdout","time":134.811856609,"data":"Unpacking node-form-data (3.0.1-1) ...\r\n"}
,{"stream_name":"stdout","time":134.908789138,"data":"Selecting previously unselected package node-events.\r\n"}
,{"stream_name":"stdout","time":134.924183054,"data":"Preparing to unpack .../251-node-events_3.3.0+~3.0.0-2_all.deb ...\r\n"}
,{"stream_name":"stdout","time":134.939822906,"data":"Unpacking node-events (3.3.0+~3.0.0-2) ...\r\n"}
,{"stream_name":"stdout","time":135.049271055,"data":"Selecting previously unselected package node-https-proxy-agent.\r\n"}
,{"stream_name":"stdout","time":135.064075901,"data":"Preparing to unpack .../252-node-https-proxy-agent_5.0.0+~cs8.0.0-3_all.deb ...\r\n"}
,{"stream_name":"stdout","time":135.080478998,"data":"Unpacking node-https-proxy-agent (5.0.0+~cs8.0.0-3) ...\r\n"}
,{"stream_name":"stdout","time":135.179691185,"data":"Selecting previously unselected package node-iconv-lite.\r\n"}
,{"stream_name":"stdout","time":135.195125273,"data":"Preparing to unpack .../253-node-iconv-lite_0.6.3-2_all.deb ...\r\n"}
,{"stream_name":"stdout","time":135.213849956,"data":"Unpacking node-iconv-lite (0.6.3-2) ...\r\n"}
,{"stream_name":"stdout","time":135.321442146,"data":"Selecting previously unselected package node-lodash-packages.\r\n"}
,{"stream_name":"stdout","time":135.336728062,"data":"Preparing to unpack .../254-node-lodash-packages_4.17.21+dfsg+~cs8.31.198.20210220-5_all.deb ...\r\n"}
,{"stream_name":"stdout","time":135.35273424,"data":"Unpacking node-lodash-packages (4.17.21+dfsg+~cs8.31.198.20210220-5) ...\r\n"}
,{"stream_name":"stdout","time":135.773306693,"data":"Selecting previously unselected package node-stealthy-require.\r\n"}
,{"stream_name":"stdout","time":135.790242043,"data":"Preparing to unpack .../255-node-stealthy-require_1.1.1-5_all.deb ...\r\n"}
,{"stream_name":"stdout","time":135.807799891,"data":"Unpacking node-stealthy-require (1.1.1-5) ...\r\n"}
,{"stream_name":"stdout","time":135.910582192,"data":"Selecting previously unselected package node-punycode.\r\n"}
,{"stream_name":"stdout","time":135.926530933,"data":"Preparing to unpack .../256-node-punycode_2.1.1-5_all.deb ...\r\n"}
,{"stream_name":"stdout","time":135.94641811,"data":"Unpacking node-punycode (2.1.1-5) ...\r\n"}
,{"stream_name":"stdout","time":136.045476111,"data":"Selecting previously unselected package node-psl.\r\n"}
,{"stream_name":"stdout","time":136.061176416,"data":"Preparing to unpack .../257-node-psl_1.8.0+ds-6_all.deb ...\r\n"}
,{"stream_name":"stdout","time":136.079597278,"data":"Unpacking node-psl (1.8.0+ds-6) ...\r\n"}
,{"stream_name":"stdout","time":136.181422698,"data":"Selecting previously unselected package node-universalify.\r\n"}
,{"stream_name":"stdout","time":136.197116468,"data":"Preparing to unpack .../258-node-universalify_2.0.0-3_all.deb ...\r\n"}
,{"stream_name":"stdout","time":136.212810912,"data":"Unpacking node-universalify (2.0.0-3) ...\r\n"}
,{"stream_name":"stdout","time":136.307786359,"data":"Selecting previously unselected package node-tough-cookie.\r\n"}
,{"stream_name":"stdout","time":136.323115621,"data":"Preparing to unpack .../259-node-tough-cookie_4.0.0-2_all.deb ...\r\n"}
,{"stream_name":"stdout","time":136.33652479,"data":"Unpacking node-tough-cookie (4.0.0-2) ...\r\n"}
,{"stream_name":"stdout","time":136.445913474,"data":"Selecting previously unselected package node-webidl-conversions.\r\n"}
,{"stream_name":"stdout","time":136.461276428,"data":"Preparing to unpack .../260-node-webidl-conversions_7.0.0~1.1.0+~cs15.1.20180823-2_all.deb ...\r\n"}
,{"stream_name":"stdout","time":136.479331499,"data":"Unpacking node-webidl-conversions (7.0.0~1.1.0+~cs15.1.20180823-2) ...\r\n"}
,{"stream_name":"stdout","time":136.574353465,"data":"Selecting previously unselected package node-commander.\r\n"}
,{"stream_name":"stdout","time":136.590155673,"data":"Preparing to unpack .../261-node-commander_9.0.0-2_all.deb ...\r\n"}
,{"stream_name":"stdout","time":136.606675391,"data":"Unpacking node-commander (9.0.0-2) ...\r\n"}
,{"stream_name":"stdout","time":136.71203297,"data":"Selecting previously unselected package node-mute-stream.\r\n"}
,{"stream_name":"stdout","time":136.727724822,"data":"Preparing to unpack .../262-node-mute-stream_0.0.8+~0.0.1-1_all.deb ...\r\n"}
,{"stream_name":"stdout","time":136.743986022,"data":"Unpacking node-mute-stream (0.0.8+~0.0.1-1) ...\r\n"}
,{"stream_name":"stdout","time":136.862759067,"data":"Selecting previously unselected package node-read.\r\n"}
,{"stream_name":"stdout","time":136.878323073,"data":"Preparing to unpack .../263-node-read_1.0.7-3_all.deb ...\r\n"}
,{"stream_name":"stdout","time":136.900627858,"data":"Unpacking node-read (1.0.7-3) ...\r\n"}
,{"stream_name":"stdout","time":137.010054645,"data":"Selecting previously unselected package node-ws.\r\n"}
,{"stream_name":"stdout","time":137.025321169,"data":"Preparing to unpack .../264-node-ws_8.5.0+~cs13.3.3-2_all.deb ...\r\n"}
,{"stream_name":"stdout","time":137.041713252,"data":"Unpacking node-ws (8.5.0+~cs13.3.3-2) ...\r\n"}
,{"stream_name":"stdout","time":137.154452201,"data":"Selecting previously unselected package node-jsdom.\r\n"}
,{"stream_name":"stdout","time":137.17008597,"data":"Preparing to unpack .../265-node-jsdom_19.0.0+~cs90.11.27-1_all.deb ...\r\n"}
,{"stream_name":"stdout","time":137.188583539,"data":"Unpacking node-jsdom (19.0.0+~cs90.11.27-1) ...\r\n"}
,{"stream_name":"stdout","time":137.421026324,"data":"Selecting previously unselected package node-fetch.\r\n"}
,{"stream_name":"stdout","time":137.436686277,"data":"Preparing to unpack .../266-node-fetch_2.6.7+~2.5.12-1_all.deb ...\r\n"}
,{"stream_name":"stdout","time":137.45407929,"data":"Unpacking node-fetch (2.6.7+~2.5.12-1) ...\r\n"}
,{"stream_name":"stdout","time":137.561990222,"data":"Selecting previously unselected package node-coveralls.\r\n"}
,{"stream_name":"stdout","time":137.577522209,"data":"Preparing to unpack .../267-node-coveralls_3.1.1-1_all.deb ...\r\n"}
,{"stream_name":"stdout","time":137.594570656,"data":"Unpacking node-coveralls (3.1.1-1) ...\r\n"}
,{"stream_name":"stdout","time":137.709604268,"data":"Selecting previously unselected package node-mimic-response.\r\n"}
,{"stream_name":"stdout","time":137.726771637,"data":"Preparing to unpack .../268-node-mimic-response_3.1.0-7_all.deb ...\r\n"}
,{"stream_name":"stdout","time":137.747468094,"data":"Unpacking node-mimic-response (3.1.0-7) ...\r\n"}
,{"stream_name":"stdout","time":137.854151977,"data":"Selecting previously unselected package node-decompress-response.\r\n"}
,{"stream_name":"stdout","time":137.870010387,"data":"Preparing to unpack .../269-node-decompress-response_6.0.0-2_all.deb ...\r\n"}
,{"stream_name":"stdout","time":137.889123292,"data":"Unpacking node-decompress-response (6.0.0-2) ...\r\n"}
,{"stream_name":"stdout","time":137.999549961,"data":"Selecting previously unselected package node-diff.\r\n"}
,{"stream_name":"stdout","time":138.016020347,"data":"Preparing to unpack .../270-node-diff_5.0.0~dfsg+~5.0.1-3_all.deb ...\r\n"}
,{"stream_name":"stdout","time":138.037511304,"data":"Unpacking node-diff (5.0.0~dfsg+~5.0.1-3) ...\r\n"}
,{"stream_name":"stdout","time":138.156719569,"data":"Selecting previously unselected package node-err-code.\r\n"}
,{"stream_name":"stdout","time":138.173537653,"data":"Preparing to unpack .../271-node-err-code_2.0.3+dfsg-3_all.deb ...\r\n"}
,{"stream_name":"stdout","time":138.191035,"data":"Unpacking node-err-code (2.0.3+dfsg-3) ...\r\n"}
,{"stream_name":"stdout","time":138.305452766,"data":"Selecting previously unselected package node-time-stamp.\r\n"}
,{"stream_name":"stdout","time":138.322143355,"data":"Preparing to unpack .../272-node-time-stamp_2.2.0-1_all.deb ...\r\n"}
,{"stream_name":"stdout","time":138.341905446,"data":"Unpacking node-time-stamp (2.2.0-1) ...\r\n"}
,{"stream_name":"stdout","time":138.460033963,"data":"Selecting previously unselected package node-fancy-log.\r\n"}
,{"stream_name":"stdout","time":138.477384774,"data":"Preparing to unpack .../273-node-fancy-log_1.3.3+~cs1.3.1-2_all.deb ...\r\n"}
,{"stream_name":"stdout","time":138.496081611,"data":"Unpacking node-fancy-log (1.3.3+~cs1.3.1-2) ...\r\n"}
,{"stream_name":"stdout","time":138.607860628,"data":"Selecting previously unselected package node-signal-exit.\r\n"}
,{"stream_name":"stdout","time":138.625002887,"data":"Preparing to unpack .../274-node-signal-exit_3.0.6+~3.0.1-1_all.deb ...\r\n"}
,{"stream_name":"stdout","time":138.642054661,"data":"Unpacking node-signal-exit (3.0.6+~3.0.1-1) ...\r\n"}
,{"stream_name":"stdout","time":138.7517385,"data":"Selecting previously unselected package node-foreground-child.\r\n"}
,{"stream_name":"stdout","time":138.769766432,"data":"Preparing to unpack .../275-node-foreground-child_2.0.0-3_all.deb ...\r\n"}
,{"stream_name":"stdout","time":138.787105711,"data":"Unpacking node-foreground-child (2.0.0-3) ...\r\n"}
,{"stream_name":"stdout","time":138.907787767,"data":"Selecting previously unselected package node-function-bind.\r\n"}
,{"stream_name":"stdout","time":138.924678534,"data":"Preparing to unpack .../276-node-function-bind_1.1.1+repacked+~1.0.3-1_all.deb ...\r\n"}
,{"stream_name":"stdout","time":138.941168838,"data":"Unpacking node-function-bind (1.1.1+repacked+~1.0.3-1) ...\r\n"}
,{"stream_name":"stdout","time":139.053764823,"data":"Selecting previously unselected package node-has-unicode.\r\n"}
,{"stream_name":"stdout","time":139.06945073,"data":"Preparing to unpack .../277-node-has-unicode_2.0.1-4_all.deb ...\r\n"}
,{"stream_name":"stdout","time":139.086555708,"data":"Unpacking node-has-unicode (2.0.1-4) ...\r\n"}
,{"stream_name":"stdout","time":139.191724331,"data":"Selecting previously unselected package node-ansi-styles.\r\n"}
,{"stream_name":"stdout","time":139.207502726,"data":"Preparing to unpack .../278-node-ansi-styles_4.3.0+~4.2.0-1_all.deb ...\r\n"}
,{"stream_name":"stdout","time":139.223889861,"data":"Unpacking node-ansi-styles (4.3.0+~4.2.0-1) ...\r\n"}
,{"stream_name":"stdout","time":139.34127556,"data":"Selecting previously unselected package node-slice-ansi.\r\n"}
,{"stream_name":"stdout","time":139.356650992,"data":"Preparing to unpack .../279-node-slice-ansi_5.0.0+~cs9.0.0-4_all.deb ...\r\n"}
,{"stream_name":"stdout","time":139.37525468,"data":"Unpacking node-slice-ansi (5.0.0+~cs9.0.0-4) ...\r\n"}
,{"stream_name":"stdout","time":139.477492596,"data":"Selecting previously unselected package node-string-width.\r\n"}
,{"stream_name":"stdout","time":139.4930977,"data":"Preparing to unpack .../280-node-string-width_4.2.3+~cs13.2.3-1_all.deb ...\r\n"}
,{"stream_name":"stdout","time":139.509973923,"data":"Unpacking node-string-width (4.2.3+~cs13.2.3-1) ...\r\n"}
,{"stream_name":"stdout","time":139.626460471,"data":"Selecting previously unselected package node-wide-align.\r\n"}
,{"stream_name":"stdout","time":139.642213264,"data":"Preparing to unpack .../281-node-wide-align_1.1.3-4_all.deb ...\r\n"}
,{"stream_name":"stdout","time":139.660505773,"data":"Unpacking node-wide-align (1.1.3-4) ...\r\n"}
,{"stream_name":"stdout","time":139.772069827,"data":"Selecting previously unselected package node-gauge.\r\n"}
,{"stream_name":"stdout","time":139.787930588,"data":"Preparing to unpack .../282-node-gauge_4.0.2-1_all.deb ...\r\n"}
,{"stream_name":"stdout","time":139.804692295,"data":"Unpacking node-gauge (4.0.2-1) ...\r\n"}
,{"stream_name":"stdout","time":139.907018498,"data":"Selecting previously unselected package node-end-of-stream.\r\n"}
,{"stream_name":"stdout","time":139.922559075,"data":"Preparing to unpack .../283-node-end-of-stream_1.4.4+~1.4.1-1_all.deb ...\r\n"}
,{"stream_name":"stdout","time":139.939356744,"data":"Unpacking node-end-of-stream (1.4.4+~1.4.1-1) ...\r\n"}
,{"stream_name":"stdout","time":140.058784316,"data":"Selecting previously unselected package node-pump.\r\n"}
,{"stream_name":"stdout","time":140.075884257,"data":"Preparing to unpack .../284-node-pump_3.0.0-5_all.deb ...\r\n"}
,{"stream_name":"stdout","time":140.092404718,"data":"Unpacking node-pump (3.0.0-5) ...\r\n"}
,{"stream_name":"stdout","time":140.204605897,"data":"Selecting previously unselected package node-get-stream.\r\n"}
,{"stream_name":"stdout","time":140.220046736,"data":"Preparing to unpack .../285-node-get-stream_6.0.1-1_all.deb ...\r\n"}
,{"stream_name":"stdout","time":140.235400905,"data":"Unpacking node-get-stream (6.0.1-1) ...\r\n"}
,{"stream_name":"stdout","time":140.33285965,"data":"Selecting previously unselected package node-lowercase-keys.\r\n"}
,{"stream_name":"stdout","time":140.348456832,"data":"Preparing to unpack .../286-node-lowercase-keys_2.0.0-2_all.deb ...\r\n"}
,{"stream_name":"stdout","time":140.363247786,"data":"Unpacking node-lowercase-keys (2.0.0-2) ...\r\n"}
,{"stream_name":"stdout","time":140.466050569,"data":"Selecting previously unselected package node-json-buffer.\r\n"}
,{"stream_name":"stdout","time":140.481612092,"data":"Preparing to unpack .../287-node-json-buffer_3.0.1-1_all.deb ...\r\n"}
,{"stream_name":"stdout","time":140.50439434,"data":"Unpacking node-json-buffer (3.0.1-1) ...\r\n"}
,{"stream_name":"stdout","time":140.600989724,"data":"Selecting previously unselected package node-p-cancelable.\r\n"}
,{"stream_name":"stdout","time":140.61692978,"data":"Preparing to unpack .../288-node-p-cancelable_2.1.1-1_all.deb ...\r\n"}
,{"stream_name":"stdout","time":140.63191322,"data":"Unpacking node-p-cancelable (2.1.1-1) ...\r\n"}
,{"stream_name":"stdout","time":140.731208181,"data":"Selecting previously unselected package node-quick-lru.\r\n"}
,{"stream_name":"stdout","time":140.746636118,"data":"Preparing to unpack .../289-node-quick-lru_5.1.1-1_all.deb ...\r\n"}
,{"stream_name":"stdout","time":140.763786702,"data":"Unpacking node-quick-lru (5.1.1-1) ...\r\n"}
,{"stream_name":"stdout","time":140.861883127,"data":"Selecting previously unselected package node-got.\r\n"}
,{"stream_name":"stdout","time":140.877755041,"data":"Preparing to unpack .../290-node-got_11.8.3+~cs58.7.37-1_all.deb ...\r\n"}
,{"stream_name":"stdout","time":140.895435826,"data":"Unpacking node-got (11.8.3+~cs58.7.37-1) ...\r\n"}
,{"stream_name":"stdout","time":141.047273849,"data":"Selecting previously unselected package node-has-flag.\r\n"}
,{"stream_name":"stdout","time":141.06450079,"data":"Preparing to unpack .../291-node-has-flag_4.0.0-2_all.deb ...\r\n"}
,{"stream_name":"stdout","time":141.082803661,"data":"Unpacking node-has-flag (4.0.0-2) ...\r\n"}
,{"stream_name":"stdout","time":141.187593687,"data":"Selecting previously unselected package node-hosted-git-info.\r\n"}
,{"stream_name":"stdout","time":141.203492121,"data":"Preparing to unpack .../292-node-hosted-git-info_4.0.2-1_all.deb ...\r\n"}
,{"stream_name":"stdout","time":141.224619192,"data":"Unpacking node-hosted-git-info (4.0.2-1) ...\r\n"}
,{"stream_name":"stdout","time":141.333002422,"data":"Selecting previously unselected package node-ip.\r\n"}
,{"stream_name":"stdout","time":141.351341788,"data":"Preparing to unpack .../293-node-ip_1.1.5+~1.1.0-1_all.deb ...\r\n"}
,{"stream_name":"stdout","time":141.36580858,"data":"Unpacking node-ip (1.1.5+~1.1.0-1) ...\r\n"}
,{"stream_name":"stdout","time":141.46947247,"data":"Selecting previously unselected package node-ip-regex.\r\n"}
,{"stream_name":"stdout","time":141.485504757,"data":"Preparing to unpack .../294-node-ip-regex_4.3.0+~4.1.1-1_all.deb ...\r\n"}
,{"stream_name":"stdout","time":141.501166956,"data":"Unpacking node-ip-regex (4.3.0+~4.1.1-1) ...\r\n"}
,{"stream_name":"stdout","time":141.609779931,"data":"Selecting previously unselected package node-is-typedarray.\r\n"}
,{"stream_name":"stdout","time":141.625616417,"data":"Preparing to unpack .../295-node-is-typedarray_1.0.0-4_all.deb ...\r\n"}
,{"stream_name":"stdout","time":141.641116083,"data":"Unpacking node-is-typedarray (1.0.0-4) ...\r\n"}
,{"stream_name":"stdout","time":141.74349129,"data":"Selecting previously unselected package node-isexe.\r\n"}
,{"stream_name":"stdout","time":141.759671673,"data":"Preparing to unpack .../296-node-isexe_2.0.0+~2.0.1-4_all.deb ...\r\n"}
,{"stream_name":"stdout","time":141.779338536,"data":"Unpacking node-isexe (2.0.0+~2.0.1-4) ...\r\n"}
,{"stream_name":"stdout","time":141.875171964,"data":"Selecting previously unselected package node-json-parse-better-errors.\r\n"}
,{"stream_name":"stdout","time":141.891069246,"data":"Preparing to unpack .../297-node-json-parse-better-errors_1.0.2+~cs3.3.1-1_all.deb ...\r\n"}
,{"stream_name":"stdout","time":141.909889002,"data":"Unpacking node-json-parse-better-errors (1.0.2+~cs3.3.1-1) ...\r\n"}
,{"stream_name":"stdout","time":142.016097827,"data":"Selecting previously unselected package node-encoding.\r\n"}
,{"stream_name":"stdout","time":142.031589559,"data":"Preparing to unpack .../298-node-encoding_0.1.13-2_all.deb ...\r\n"}
,{"stream_name":"stdout","time":142.047514267,"data":"Unpacking node-encoding (0.1.13-2) ...\r\n"}
,{"stream_name":"stdout","time":142.16545103,"data":"Selecting previously unselected package node-jsonparse.\r\n"}
,{"stream_name":"stdout","time":142.181186472,"data":"Preparing to unpack .../299-node-jsonparse_1.3.1-10_all.deb ...\r\n"}
,{"stream_name":"stdout","time":142.200828687,"data":"Unpacking node-jsonparse (1.3.1-10) ...\r\n"}
,{"stream_name":"stdout","time":142.291792841,"data":"Selecting previously unselected package node-minipass.\r\n"}
,{"stream_name":"stdout","time":142.307593478,"data":"Preparing to unpack .../300-node-minipass_3.1.6+~cs8.7.18-1_all.deb ...\r\n"}
,{"stream_name":"stdout","time":142.323590751,"data":"Unpacking node-minipass (3.1.6+~cs8.7.18-1) ...\r\n"}
,{"stream_name":"stdout","time":142.436972241,"data":"Selecting previously unselected package node-npm-bundled.\r\n"}
,{"stream_name":"stdout","time":142.452882811,"data":"Preparing to unpack .../301-node-npm-bundled_1.1.2-1_all.deb ...\r\n"}
,{"stream_name":"stdout","time":142.469777313,"data":"Unpacking node-npm-bundled (1.1.2-1) ...\r\n"}
,{"stream_name":"stdout","time":142.575378613,"data":"Selecting previously unselected package node-osenv.\r\n"}
,{"stream_name":"stdout","time":142.591162581,"data":"Preparing to unpack .../302-node-osenv_0.1.5+~0.1.0-1_all.deb ...\r\n"}
,{"stream_name":"stdout","time":142.607482621,"data":"Unpacking node-osenv (0.1.5+~0.1.0-1) ...\r\n"}
,{"stream_name":"stdout","time":142.707913229,"data":"Selecting previously unselected package node-validate-npm-package-name.\r\n"}
,{"stream_name":"stdout","time":142.723621817,"data":"Preparing to unpack .../303-node-validate-npm-package-name_3.0.0-4_all.deb ...\r\n"}
,{"stream_name":"stdout","time":142.739807624,"data":"Unpacking node-validate-npm-package-name (3.0.0-4) ...\r\n"}
,{"stream_name":"stdout","time":142.84664554,"data":"Selecting previously unselected package node-npm-package-arg.\r\n"}
,{"stream_name":"stdout","time":142.862511089,"data":"Preparing to unpack .../304-node-npm-package-arg_8.1.5-1_all.deb ...\r\n"}
,{"stream_name":"stdout","time":142.880055121,"data":"Unpacking node-npm-package-arg (8.1.5-1) ...\r\n"}
,{"stream_name":"stdout","time":142.99336203,"data":"Selecting previously unselected package node-object-assign.\r\n"}
,{"stream_name":"stdout","time":143.008733484,"data":"Preparing to unpack .../305-node-object-assign_4.1.1-6_all.deb ...\r\n"}
,{"stream_name":"stdout","time":143.023657356,"data":"Unpacking node-object-assign (4.1.1-6) ...\r\n"}
,{"stream_name":"stdout","time":143.126211577,"data":"Selecting previously unselected package node-opener.\r\n"}
,{"stream_name":"stdout","time":143.141934847,"data":"Preparing to unpack .../306-node-opener_1.5.2+~1.4.0-1_all.deb ...\r\n"}
,{"stream_name":"stdout","time":143.157506379,"data":"Unpacking node-opener (1.5.2+~1.4.0-1) ...\r\n"}
,{"stream_name":"stdout","time":143.255536109,"data":"Selecting previously unselected package node-retry.\r\n"}
,{"stream_name":"stdout","time":143.271365045,"data":"Preparing to unpack .../307-node-retry_0.13.1+~0.12.1-1_all.deb ...\r\n"}
,{"stream_name":"stdout","time":143.288306032,"data":"Unpacking node-retry (0.13.1+~0.12.1-1) ...\r\n"}
,{"stream_name":"stdout","time":143.401343823,"data":"Selecting previously unselected package node-promise-retry.\r\n"}
,{"stream_name":"stdout","time":143.417000437,"data":"Preparing to unpack .../308-node-promise-retry_2.0.1-2_all.deb ...\r\n"}
,{"stream_name":"stdout","time":143.438924439,"data":"Unpacking node-promise-retry (2.0.1-2) ...\r\n"}
,{"stream_name":"stdout","time":143.551996814,"data":"Selecting previously unselected package node-promzard.\r\n"}
,{"stream_name":"stdout","time":143.567640052,"data":"Preparing to unpack .../309-node-promzard_0.3.0-2_all.deb ...\r\n"}
,{"stream_name":"stdout","time":143.584320014,"data":"Unpacking node-promzard (0.3.0-2) ...\r\n"}
,{"stream_name":"stdout","time":143.694149775,"data":"Selecting previously unselected package node-set-blocking.\r\n"}
,{"stream_name":"stdout","time":143.709742739,"data":"Preparing to unpack .../310-node-set-blocking_2.0.0-2_all.deb ...\r\n"}
,{"stream_name":"stdout","time":143.725982673,"data":"Unpacking node-set-blocking (2.0.0-2) ...\r\n"}
,{"stream_name":"stdout","time":143.821119025,"data":"Selecting previously unselected package node-slash.\r\n"}
,{"stream_name":"stdout","time":143.83707765,"data":"Preparing to unpack .../311-node-slash_3.0.0-2_all.deb ...\r\n"}
,{"stream_name":"stdout","time":143.854648307,"data":"Unpacking node-slash (3.0.0-2) ...\r\n"}
,{"stream_name":"stdout","time":143.963880761,"data":"Selecting previously unselected package libjs-source-map.\r\n"}
,{"stream_name":"stdout","time":143.980177446,"data":"Preparing to unpack .../312-libjs-source-map_0.7.0++dfsg2+really.0.6.1-9_all.deb ...\r\n"}
,{"stream_name":"stdout","time":143.99785629,"data":"Unpacking libjs-source-map (0.7.0++dfsg2+really.0.6.1-9) ...\r\n"}
,{"stream_name":"stdout","time":144.136625799,"data":"Selecting previously unselected package node-source-map.\r\n"}
,{"stream_name":"stdout","time":144.15259353,"data":"Preparing to unpack .../313-node-source-map_0.7.0++dfsg2+really.0.6.1-9_all.deb ...\r\n"}
,{"stream_name":"stdout","time":144.179427217,"data":"Unpacking node-source-map (0.7.0++dfsg2+really.0.6.1-9) ...\r\n"}
,{"stream_name":"stdout","time":144.290405429,"data":"Selecting previously unselected package node-source-map-support.\r\n"}
,{"stream_name":"stdout","time":144.306240187,"data":"Preparing to unpack .../314-node-source-map-support_0.5.21+ds+~0.5.4-1_all.deb ...\r\n"}
,{"stream_name":"stdout","time":144.32207749,"data":"Unpacking node-source-map-support (0.5.21+ds+~0.5.4-1) ...\r\n"}
,{"stream_name":"stdout","time":144.422219479,"data":"Selecting previously unselected package node-spdx-license-ids.\r\n"}
,{"stream_name":"stdout","time":144.437982188,"data":"Preparing to unpack .../315-node-spdx-license-ids_3.0.11-1_all.deb ...\r\n"}
,{"stream_name":"stdout","time":144.454037087,"data":"Unpacking node-spdx-license-ids (3.0.11-1) ...\r\n"}
,{"stream_name":"stdout","time":144.548066879,"data":"Selecting previously unselected package node-spdx-exceptions.\r\n"}
,{"stream_name":"stdout","time":144.563769769,"data":"Preparing to unpack .../316-node-spdx-exceptions_2.3.0-2_all.deb ...\r\n"}
,{"stream_name":"stdout","time":144.580525033,"data":"Unpacking node-spdx-exceptions (2.3.0-2) ...\r\n"}
,{"stream_name":"stdout","time":144.687374127,"data":"Selecting previously unselected package node-spdx-expression-parse.\r\n"}
,{"stream_name":"stdout","time":144.702980876,"data":"Preparing to unpack .../317-node-spdx-expression-parse_3.0.1+~3.0.1-1_all.deb ...\r\n"}
,{"stream_name":"stdout","time":144.719815427,"data":"Unpacking node-spdx-expression-parse (3.0.1+~3.0.1-1) ...\r\n"}
,{"stream_name":"stdout","time":144.819271079,"data":"Selecting previously unselected package node-spdx-correct.\r\n"}
,{"stream_name":"stdout","time":144.834895846,"data":"Preparing to unpack .../318-node-spdx-correct_3.1.1-2_all.deb ...\r\n"}
,{"stream_name":"stdout","time":144.851917983,"data":"Unpacking node-spdx-correct (3.1.1-2) ...\r\n"}
,{"stream_name":"stdout","time":144.948834438,"data":"Selecting previously unselected package node-stack-utils.\r\n"}
,{"stream_name":"stdout","time":144.964485906,"data":"Preparing to unpack .../319-node-stack-utils_2.0.5+~2.0.1-1_all.deb ...\r\n"}
,{"stream_name":"stdout","time":144.983671027,"data":"Unpacking node-stack-utils (2.0.5+~2.0.1-1) ...\r\n"}
,{"stream_name":"stdout","time":145.083767677,"data":"Selecting previously unselected package node-supports-color.\r\n"}
,{"stream_name":"stdout","time":145.099749938,"data":"Preparing to unpack .../320-node-supports-color_8.1.1+~8.1.1-1_all.deb ...\r\n"}
,{"stream_name":"stdout","time":145.116295157,"data":"Unpacking node-supports-color (8.1.1+~8.1.1-1) ...\r\n"}
,{"stream_name":"stdout","time":145.221021848,"data":"Selecting previously unselected package node-tap-parser.\r\n"}
,{"stream_name":"stdout","time":145.236949155,"data":"Preparing to unpack .../321-node-tap-parser_7.0.0+ds1-6_all.deb ...\r\n"}
,{"stream_name":"stdout","time":145.252400154,"data":"Unpacking node-tap-parser (7.0.0+ds1-6) ...\r\n"}
,{"stream_name":"stdout","time":145.349246624,"data":"Selecting previously unselected package node-tap-mocha-reporter.\r\n"}
,{"stream_name":"stdout","time":145.365146814,"data":"Preparing to unpack .../322-node-tap-mocha-reporter_3.0.7+ds-2_all.deb ...\r\n"}
,{"stream_name":"stdout","time":145.380730235,"data":"Unpacking node-tap-mocha-reporter (3.0.7+ds-2) ...\r\n"}
,{"stream_name":"stdout","time":145.487176332,"data":"Selecting previously unselected package node-text-table.\r\n"}
,{"stream_name":"stdout","time":145.502826521,"data":"Preparing to unpack .../323-node-text-table_0.2.0-4_all.deb ...\r\n"}
,{"stream_name":"stdout","time":145.519634146,"data":"Unpacking node-text-table (0.2.0-4) ...\r\n"}
,{"stream_name":"stdout","time":145.614871751,"data":"Selecting previously unselected package node-tmatch.\r\n"}
,{"stream_name":"stdout","time":145.630912699,"data":"Preparing to unpack .../324-node-tmatch_5.0.0-4_all.deb ...\r\n"}
,{"stream_name":"stdout","time":145.647266543,"data":"Unpacking node-tmatch (5.0.0-4) ...\r\n"}
,{"stream_name":"stdout","time":145.746416486,"data":"Selecting previously unselected package node-typedarray-to-buffer.\r\n"}
,{"stream_name":"stdout","time":145.762065307,"data":"Preparing to unpack .../325-node-typedarray-to-buffer_4.0.0-2_all.deb ...\r\n"}
,{"stream_name":"stdout","time":145.779395894,"data":"Unpacking node-typedarray-to-buffer (4.0.0-2) ...\r\n"}
,{"stream_name":"stdout","time":145.88415093,"data":"Selecting previously unselected package node-validate-npm-package-license.\r\n"}
,{"stream_name":"stdout","time":145.900087326,"data":"Preparing to unpack .../326-node-validate-npm-package-license_3.0.4-2_all.deb ...\r\n"}
,{"stream_name":"stdout","time":145.919976752,"data":"Unpacking node-validate-npm-package-license (3.0.4-2) ...\r\n"}
,{"stream_name":"stdout","time":146.034187286,"data":"Selecting previously unselected package node-whatwg-fetch.\r\n"}
,{"stream_name":"stdout","time":146.04996243,"data":"Preparing to unpack .../327-node-whatwg-fetch_3.6.2-5_all.deb ...\r\n"}
,{"stream_name":"stdout","time":146.066760644,"data":"Unpacking node-whatwg-fetch (3.6.2-5) ...\r\n"}
,{"stream_name":"stdout","time":146.166868891,"data":"Selecting previously unselected package node-write-file-atomic.\r\n"}
,{"stream_name":"stdout","time":146.182880373,"data":"Preparing to unpack .../328-node-write-file-atomic_3.0.3+~3.0.2-1_all.deb ...\r\n"}
,{"stream_name":"stdout","time":146.198623484,"data":"Unpacking node-write-file-atomic (3.0.3+~3.0.2-1) ...\r\n"}
,{"stream_name":"stdout","time":146.311807426,"data":"Selecting previously unselected package nodejs-doc.\r\n"}
,{"stream_name":"stdout","time":146.327566059,"data":"Preparing to unpack .../329-nodejs-doc_12.22.9~dfsg-1ubuntu3.6_all.deb ...\r\n"}
,{"stream_name":"stdout","time":146.345759171,"data":"Unpacking nodejs-doc (12.22.9~dfsg-1ubuntu3.6) ...\r\n"}
,{"stream_name":"stdout","time":146.527383996,"data":"Selecting previously unselected package python3-soupsieve.\r\n"}
,{"stream_name":"stdout","time":146.543083228,"data":"Preparing to unpack .../330-python3-soupsieve_2.3.1-1_all.deb ...\r\n"}
,{"stream_name":"stdout","time":146.55825573,"data":"Unpacking python3-soupsieve (2.3.1-1) ...\r\n"}
,{"stream_name":"stdout","time":146.67481041,"data":"Selecting previously unselected package python3-bs4.\r\n"}
,{"stream_name":"stdout","time":146.691904471,"data":"Preparing to unpack .../331-python3-bs4_4.10.0-2_all.deb ...\r\n"}
,{"stream_name":"stdout","time":146.70764395,"data":"Unpacking python3-bs4 (4.10.0-2) ...\r\n"}
,{"stream_name":"stdout","time":146.83301215,"data":"Selecting previously unselected package python3-chardet.\r\n"}
,{"stream_name":"stdout","time":146.850189748,"data":"Preparing to unpack .../332-python3-chardet_4.0.0-1_all.deb ...\r\n"}
,{"stream_name":"stdout","time":146.923444037,"data":"Unpacking python3-chardet (4.0.0-1) ...\r\n"}
,{"stream_name":"stdout","time":147.064249266,"data":"Selecting previously unselected package python3-webencodings.\r\n"}
,{"stream_name":"stdout","time":147.08001178,"data":"Preparing to unpack .../333-python3-webencodings_0.5.1-4_all.deb ...\r\n"}
,{"stream_name":"stdout","time":147.095592999,"data":"Unpacking python3-webencodings (0.5.1-4) ...\r\n"}
,{"stream_name":"stdout","time":147.21038739,"data":"Selecting previously unselected package python3-html5lib.\r\n"}
,{"stream_name":"stdout","time":147.226105767,"data":"Preparing to unpack .../334-python3-html5lib_1.1-3_all.deb ...\r\n"}
,{"stream_name":"stdout","time":147.241905055,"data":"Unpacking python3-html5lib (1.1-3) ...\r\n"}
,{"stream_name":"stdout","time":147.369884932,"data":"Selecting previously unselected package python3-olefile.\r\n"}
,{"stream_name":"stdout","time":147.385614845,"data":"Preparing to unpack .../335-python3-olefile_0.46-3_all.deb ...\r\n"}
,{"stream_name":"stdout","time":147.402939901,"data":"Unpacking python3-olefile (0.46-3) ...\r\n"}
,{"stream_name":"stdout","time":147.508539863,"data":"Selecting previously unselected package qt5-gtk-platformtheme:amd64.\r\n"}
,{"stream_name":"stdout","time":147.525703413,"data":"Preparing to unpack .../336-qt5-gtk-platformtheme_5.15.3+dfsg-2ubuntu0.2_amd64.deb ...\r\n"}
,{"stream_name":"stdout","time":147.542817383,"data":"Unpacking qt5-gtk-platformtheme:amd64 (5.15.3+dfsg-2ubuntu0.2) ...\r\n"}
,{"stream_name":"stdout","time":147.640875163,"data":"Selecting previously unselected package qttranslations5-l10n.\r\n"}
,{"stream_name":"stdout","time":147.656609463,"data":"Preparing to unpack .../337-qttranslations5-l10n_5.15.3-1_all.deb ...\r\n"}
,{"stream_name":"stdout","time":147.674429455,"data":"Unpacking qttranslations5-l10n (5.15.3-1) ...\r\n"}
,{"stream_name":"stdout","time":147.921141853,"data":"Selecting previously unselected package systemd-hwe-hwdb.\r\n"}
,{"stream_name":"stdout","time":147.938527513,"data":"Preparing to unpack .../338-systemd-hwe-hwdb_249.11.6_all.deb ...\r\n"}
,{"stream_name":"stdout","time":147.955738486,"data":"Unpacking systemd-hwe-hwdb (249.11.6) ...\r\n"}
,{"stream_name":"stdout","time":148.092397047,"data":"Selecting previously unselected package wpasupplicant.\r\n"}
,{"stream_name":"stdout","time":148.108062074,"data":"Preparing to unpack .../339-wpasupplicant_2%3a2.10-6ubuntu2.4_amd64.deb ...\r\n"}
,{"stream_name":"stdout","time":148.123987587,"data":"Unpacking wpasupplicant (2:2.10-6ubuntu2.4) ...\r\n"}
,{"stream_name":"stdout","time":148.264094891,"data":"Selecting previously unselected package node-abbrev.\r\n"}
,{"stream_name":"stdout","time":148.279772477,"data":"Preparing to unpack .../340-node-abbrev_1.1.1+~1.1.2-1_all.deb ...\r\n"}
,{"stream_name":"stdout","time":148.29665767,"data":"Unpacking node-abbrev (1.1.1+~1.1.2-1) ...\r\n"}
,{"stream_name":"stdout","time":148.398327487,"data":"Selecting previously unselected package node-archy.\r\n"}
,{"stream_name":"stdout","time":148.413908329,"data":"Preparing to unpack .../341-node-archy_1.0.0-4_all.deb ...\r\n"}
,{"stream_name":"stdout","time":148.430157336,"data":"Unpacking node-archy (1.0.0-4) ...\r\n"}
,{"stream_name":"stdout","time":148.547677786,"data":"Selecting previously unselected package node-chalk.\r\n"}
,{"stream_name":"stdout","time":148.564600125,"data":"Preparing to unpack .../342-node-chalk_4.1.2-1_all.deb ...\r\n"}
,{"stream_name":"stdout","time":148.580406644,"data":"Unpacking node-chalk (4.1.2-1) ...\r\n"}
,{"stream_name":"stdout","time":148.671308815,"data":"Selecting previously unselected package node-cli-table.\r\n"}
,{"stream_name":"stdout","time":148.68741329,"data":"Preparing to unpack .../343-node-cli-table_0.3.11+~cs0.13.3-1_all.deb ...\r\n"}
,{"stream_name":"stdout","time":148.703927623,"data":"Unpacking node-cli-table (0.3.11+~cs0.13.3-1) ...\r\n"}
,{"stream_name":"stdout","time":148.804571177,"data":"Selecting previously unselected package node-depd.\r\n"}
,{"stream_name":"stdout","time":148.8206151,"data":"Preparing to unpack .../344-node-depd_2.0.0-2_all.deb ...\r\n"}
,{"stream_name":"stdout","time":148.836968636,"data":"Unpacking node-depd (2.0.0-2) ...\r\n"}
,{"stream_name":"stdout","time":148.95907322,"data":"Selecting previously unselected package node-nopt.\r\n"}
,{"stream_name":"stdout","time":148.97509898,"data":"Preparing to unpack .../345-node-nopt_5.0.0-2_all.deb ...\r\n"}
,{"stream_name":"stdout","time":148.995863097,"data":"Unpacking node-nopt (5.0.0-2) ...\r\n"}
,{"stream_name":"stdout","time":149.099161597,"data":"Selecting previously unselected package node-npmlog.\r\n"}
,{"stream_name":"stdout","time":149.115136785,"data":"Preparing to unpack .../346-node-npmlog_6.0.1+~4.1.4-1_all.deb ...\r\n"}
,{"stream_name":"stdout","time":149.13144052,"data":"Unpacking node-npmlog (6.0.1+~4.1.4-1) ...\r\n"}
,{"stream_name":"stdout","time":149.224108591,"data":"Selecting previously unselected package node-tar.\r\n"}
,{"stream_name":"stdout","time":149.240020204,"data":"Preparing to unpack .../347-node-tar_6.1.11+ds1+~cs6.0.6-1_all.deb ...\r\n"}
,{"stream_name":"stdout","time":149.256177675,"data":"Unpacking node-tar (6.1.11+ds1+~cs6.0.6-1) ...\r\n"}
,{"stream_name":"stdout","time":149.382025303,"data":"Selecting previously unselected package node-which.\r\n"}
,{"stream_name":"stdout","time":149.398083788,"data":"Preparing to unpack .../348-node-which_2.0.2+~cs1.3.2-2_all.deb ...\r\n"}
,{"stream_name":"stdout","time":149.417257534,"data":"Unpacking node-which (2.0.2+~cs1.3.2-2) ...\r\n"}
,{"stream_name":"stdout","time":149.542309662,"data":"Selecting previously unselected package node-gyp.\r\n"}
,{"stream_name":"stdout","time":149.559239182,"data":"Preparing to unpack .../349-node-gyp_8.4.1-1_all.deb ...\r\n"}
,{"stream_name":"stdout","time":149.5767648,"data":"Unpacking node-gyp (8.4.1-1) ...\r\n"}
,{"stream_name":"stdout","time":149.680761005,"data":"Selecting previously unselected package node-ini.\r\n"}
,{"stream_name":"stdout","time":149.696575765,"data":"Preparing to unpack .../350-node-ini_2.0.1-1_all.deb ...\r\n"}
,{"stream_name":"stdout","time":149.715195126,"data":"Unpacking node-ini (2.0.1-1) ...\r\n"}
,{"stream_name":"stdout","time":149.825791891,"data":"Selecting previously unselected package node-negotiator.\r\n"}
,{"stream_name":"stdout","time":149.843313484,"data":"Preparing to unpack .../351-node-negotiator_0.6.2+~0.6.1-1_all.deb ...\r\n"}
,{"stream_name":"stdout","time":149.860584902,"data":"Unpacking node-negotiator (0.6.2+~0.6.1-1) ...\r\n"}
,{"stream_name":"stdout","time":149.982957491,"data":"Selecting previously unselected package node-resolve.\r\n"}
,{"stream_name":"stdout","time":149.999015508,"data":"Preparing to unpack .../352-node-resolve_1.20.0+~cs5.27.9-1_all.deb ...\r\n"}
,{"stream_name":"stdout","time":150.017666791,"data":"Unpacking node-resolve (1.20.0+~cs5.27.9-1) ...\r\n"}
,{"stream_name":"stdout","time":150.125897462,"data":"Selecting previously unselected package node-normalize-package-data.\r\n"}
,{"stream_name":"stdout","time":150.141824415,"data":"Preparing to unpack .../353-node-normalize-package-data_3.0.3+~2.4.1-1_all.deb ...\r\n"}
,{"stream_name":"stdout","time":150.158452494,"data":"Unpacking node-normalize-package-data (3.0.3+~2.4.1-1) ...\r\n"}
,{"stream_name":"stdout","time":150.267141777,"data":"Selecting previously unselected package node-read-package-json.\r\n"}
,{"stream_name":"stdout","time":150.283133344,"data":"Preparing to unpack .../354-node-read-package-json_4.1.1-1_all.deb ...\r\n"}
,{"stream_name":"stdout","time":150.300218948,"data":"Unpacking node-read-package-json (4.1.1-1) ...\r\n"}
,{"stream_name":"stdout","time":150.414119406,"data":"Selecting previously unselected package node-tap.\r\n"}
,{"stream_name":"stdout","time":150.429967096,"data":"Preparing to unpack .../355-node-tap_12.0.1+ds-4_all.deb ...\r\n"}
,{"stream_name":"stdout","time":150.449869516,"data":"Unpacking node-tap (12.0.1+ds-4) ...\r\n"}
,{"stream_name":"stdout","time":150.601776254,"data":"Selecting previously unselected package npm.\r\n"}
,{"stream_name":"stdout","time":150.617325758,"data":"Preparing to unpack .../356-npm_8.5.1~ds-1_all.deb ...\r\n"}
,{"stream_name":"stdout","time":150.653356052,"data":"Unpacking npm (8.5.1~ds-1) ...\r\n"}
,{"stream_name":"stdout","time":150.882613262,"data":"Selecting previously unselected package usb-modeswitch-data.\r\n"}
,{"stream_name":"stdout","time":150.898813689,"data":"Preparing to unpack .../357-usb-modeswitch-data_20191128-4_all.deb ...\r\n"}
,{"stream_name":"stdout","time":150.917428444,"data":"Unpacking usb-modeswitch-data (20191128-4) ...\r\n"}
,{"stream_name":"stdout","time":151.066567476,"data":"Selecting previously unselected package usb-modeswitch.\r\n"}
,{"stream_name":"stdout","time":151.0826246,"data":"Preparing to unpack .../358-usb-modeswitch_2.6.1-3ubuntu2_amd64.deb ...\r\n"}
,{"stream_name":"stdout","time":151.108642354,"data":"Unpacking usb-modeswitch (2.6.1-3ubuntu2) ...\r\n"}
,{"stream_name":"stdout","time":151.275215079,"data":"Setting up node-delayed-stream (1.0.0-5) ...\r\n"}
,{"stream_name":"stdout","time":151.329052531,"data":"Setting up javascript-common (11+nmu1) ...\r\n"}
,{"stream_name":"stdout","time":151.435093389,"data":"Setting up libuv1-dev:amd64 (1.43.0-1ubuntu0.1) ...\r\n"}
,{"stream_name":"stdout","time":151.483488651,"data":"Setting up libtbbmalloc2:amd64 (2021.5.0-7ubuntu2) ...\r\n"}
,{"stream_name":"stdout","time":151.537568521,"data":"Setting up node-fs.realpath (1.0.0-2) ...\r\n"}
,{"stream_name":"stdout","time":151.585492657,"data":"Setting up python3-attr (21.2.0-1ubuntu1) ...\r\n"}
,{"stream_name":"stdout","time":152.024452342,"data":"Setting up libcdparanoia0:amd64 (3.10.2+debian-14build2) ...\r\n"}
,{"stream_name":"stdout","time":152.072376654,"data":"Setting up node-diff (5.0.0~dfsg+~5.0.1-3) ...\r\n"}
,{"stream_name":"stdout","time":152.116591907,"data":"Setting up session-migration (0.3.6) ...\r\n"}
,{"stream_name":"stdout","time":152.349713459,"data":"Created symlink /etc/systemd/user/graphical-session-pre.target.wants/session-migration.service → /usr/lib/systemd/user/session-migration.service.\r\n"}
,{"stream_name":"stdout","time":152.3759285,"data":"Setting up libdouble-conversion3:amd64 (3.1.7-4) ...\r\n"}
,{"stream_name":"stdout","time":152.420961412,"data":"Setting up tk8.6-blt2.5 (2.5.3+dfsg-4.1build2) ...\r\n"}
,{"stream_name":"stdout","time":152.473604644,"data":"Setting up libproxy1v5:amd64 (0.4.17-2) ...\r\n"}
,{"stream_name":"stdout","time":152.522074146,"data":"Setting up node-abbrev (1.1.1+~1.1.2-1) ...\r\n"}
,{"stream_name":"stdout","time":152.566426056,"data":"Setting up libjs-sprintf-js (1.1.2+ds1+~1.1.2-1) ...\r\n"}
,{"stream_name":"stdout","time":152.6146634,"data":"Setting up node-yallist (4.0.0+~4.0.1-1) ...\r\n"}
,{"stream_name":"stdout","time":152.659592628,"data":"Setting up libjs-inherits (2.0.4-4) ...\r\n"}
,{"stream_name":"stdout","time":152.706213708,"data":"Setting up node-p-cancelable (2.1.1-1) ...\r\n"}
,{"stream_name":"stdout","time":152.753922082,"data":"Setting up node-ansi-regex (5.0.1-1) ...\r\n"}
,{"stream_name":"stdout","time":152.801036686,"data":"Setting up libxcb-xinput0:amd64 (1.14-3ubuntu3) ...\r\n"}
,{"stream_name":"stdout","time":152.87298899,"data":"Setting up libwoff1:amd64 (1.0.2-1build4) ...\r\n"}
,{"stream_name":"stdout","time":152.926436085,"data":"Setting up libhyphen0:amd64 (2.8.8-7build2) ...\r\n"}
,{"stream_name":"stdout","time":152.985449397,"data":"Setting up libzipios++0v5 (0.1.5.9+cvs.2007.04.28-11build1) ...\r\n"}
,{"stream_name":"stdout","time":153.03404346,"data":"Setting up node-slash (3.0.0-2) ...\r\n"}
,{"stream_name":"stdout","time":153.080632435,"data":"Setting up node-util-deprecate (1.0.2-3) ...\r\n"}
,{"stream_name":"stdout","time":153.124770053,"data":"Setting up node-retry (0.13.1+~0.12.1-1) ...\r\n"}
,{"stream_name":"stdout","time":153.172364824,"data":"Setting up node-arrify (2.0.1-2) ...\r\n"}
,{"stream_name":"stdout","time":153.221603652,"data":"Setting up libvisual-0.4-0:amd64 (0.4.0-17build2) ...\r\n"}
,{"stream_name":"stdout","time":153.269255355,"data":"Setting up python3-lz4 (3.1.3+dfsg-1build3) ...\r\n"}
,{"stream_name":"stdout","time":153.559241431,"data":"Setting up node-ansistyles (0.1.3-5) ...\r\n"}
,{"stream_name":"stdout","time":153.604898276,"data":"Setting up python3-unicodedata2 (14.0.0+ds-8) ...\r\n"}
,{"stream_name":"stdout","time":153.650451006,"data":"Setting up libboost-program-options1.74.0:amd64 (1.74.0-14ubuntu3) ...\r\n"}
,{"stream_name":"stdout","time":153.701989694,"data":"Setting up node-delegates (1.0.0-3) ...\r\n"}
,{"stream_name":"stdout","time":153.751222123,"data":"Setting up libxtst6:amd64 (2:1.2.3-1build4) ...\r\n"}
,{"stream_name":"stdout","time":153.814915188,"data":"Setting up fonts-lyx (2.3.6-1) ...\r\n"}
,{"stream_name":"stdout","time":153.863558075,"data":"Setting up node-depd (2.0.0-2) ...\r\n"}
,{"stream_name":"stdout","time":153.912773201,"data":"Setting up python3-olefile (0.46-3) ...\r\n"}
,{"stream_name":"stdout","time":154.218583881,"data":"Setting up blt (2.5.3+dfsg-4.1build2) ...\r\n"}
,{"stream_name":"stdout","time":154.261362974,"data":"Setting up node-isexe (2.0.0+~2.0.1-4) ...\r\n"}
,{"stream_name":"stdout","time":154.308806031,"data":"Setting up node-jsonparse (1.3.1-10) ...\r\n"}
,{"stream_name":"stdout","time":154.35554021,"data":"Setting up python3-ply (3.11-5) ...\r\n"}
,{"stream_name":"stdout","time":154.681484518,"data":"Setting up node-escape-string-regexp (4.0.0-2) ...\r\n"}
,{"stream_name":"stdout","time":154.730294911,"data":"Setting up libtbb2:amd64 (2020.3-1ubuntu3) ...\r\n"}
,{"stream_name":"stdout","time":154.774763928,"data":"Setting up libxcb-keysyms1:amd64 (0.4.0-1build3) ...\r\n"}
,{"stream_name":"stdout","time":154.825243675,"data":"Setting up libjs-source-map (0.7.0++dfsg2+really.0.6.1-9) ...\r\n"}
,{"stream_name":"stdout","time":154.87702857,"data":"Setting up node-negotiator (0.6.2+~0.6.1-1) ...\r\n"}
,{"stream_name":"stdout","time":154.926884861,"data":"Setting up python3-gast (0.5.2-2) ...\r\n"}
,{"stream_name":"stdout","time":155.222735477,"data":"Setting up libcoin80c (4.0.0+ds-2) ...\r\n"}
,{"stream_name":"stdout","time":155.270415103,"data":"Setting up node-color-name (1.1.4+~1.1.1-2) ...\r\n"}
,{"stream_name":"stdout","time":155.315296215,"data":"Setting up libocct-foundation-7.5:amd64 (7.5.1+dfsg1-2ubuntu1) ...\r\n"}
,{"stream_name":"stdout","time":155.358715638,"data":"Setting up libxcb-render-util0:amd64 (0.3.9-1build3) ...\r\n"}
,{"stream_name":"stdout","time":155.40388342,"data":"Setting up python3-yaml (5.4.1-1ubuntu1) ...\r\n"}
,{"stream_name":"stdout","time":156.153580724,"data":"Setting up python3-tk:amd64 (3.10.8-1~22.04) ...\r\n"}
,{"stream_name":"stdout","time":156.340765504,"data":"Setting up systemd (249.11-0ubuntu3.22) ...\r\n"}
,{"stream_name":"stdout","time":156.72637923,"data":"/usr/lib/tmpfiles.d/static-nodes-permissions.conf:17: Failed to resolve group 'kvm'.\r\n"}
,{"stream_name":"stdout","time":156.726404512,"data":"/usr/lib/tmpfiles.d/static-nodes-permissions.conf:18: Failed to resolve group 'kvm'.\r\n"}
,{"stream_name":"stdout","time":156.726408486,"data":"/usr/lib/tmpfiles.d/static-nodes-permissions.conf:19: Failed to resolve group 'kvm'.\r\n"}
,{"stream_name":"stdout","time":156.794968856,"data":"Setting up libtbb12:amd64 (2021.5.0-7ubuntu2) ...\r\n"}
,{"stream_name":"stdout","time":156.845277795,"data":"Setting up libxcb-icccm4:amd64 (0.4.1-1.1build2) ...\r\n"}
,{"stream_name":"stdout","time":156.898105608,"data":"Setting up libc-ares2:amd64 (1.18.1-1ubuntu0.22.04.3) ...\r\n"}
,{"stream_name":"stdout","time":156.947412229,"data":"Setting up libatspi2.0-0:amd64 (2.44.0-3) ...\r\n"}
,{"stream_name":"stdout","time":156.996989792,"data":"Setting up python3-webencodings (0.5.1-4) ...\r\n"}
,{"stream_name":"stdout","time":157.296567464,"data":"Setting up node-indent-string (4.0.0-2) ...\r\n"}
,{"stream_name":"stdout","time":157.337372677,"data":"Setting up libnode72:amd64 (12.22.9~dfsg-1ubuntu3.6) ...\r\n"}
,{"stream_name":"stdout","time":157.383102685,"data":"Setting up libspooles2.2:amd64 (2.2-14) ...\r\n"}
,{"stream_name":"stdout","time":157.426657237,"data":"Setting up python3-tz (2022.1-1ubuntu0.22.04.1) ...\r\n"}
,{"stream_name":"stdout","time":157.723927793,"data":"Setting up freecad-common (0.19.2+dfsg1-3ubuntu1+jammy0) ...\r\n"}
,{"stream_name":"stdout","time":157.773674409,"data":"Setting up libgl2ps1.4 (1.4.2+dfsg1-2) ...\r\n"}
,{"stream_name":"stdout","time":157.822669732,"data":"Setting up libxcb-util1:amd64 (0.4.0-1build2) ...\r\n"}
,{"stream_name":"stdout","time":157.871178109,"data":"Setting up node-function-bind (1.1.1+repacked+~1.0.3-1) ...\r\n"}
,{"stream_name":"stdout","time":157.920699647,"data":"Setting up node-p-map (4.0.0+~3.1.0+~3.0.1-1) ...\r\n"}
,{"stream_name":"stdout","time":157.97077012,"data":"Setting up libxcb-xkb1:amd64 (1.14-3ubuntu3) ...\r\n"}
,{"stream_name":"stdout","time":158.02898002,"data":"Setting up libxcb-image0:amd64 (0.4.0-2) ...\r\n"}
,{"stream_name":"stdout","time":158.072870443,"data":"Setting up node-iferr (1.0.2+~1.0.2-1) ...\r\n"}
,{"stream_name":"stdout","time":158.118896033,"data":"Setting up node-chownr (2.0.0-1) ...\r\n"}
,{"stream_name":"stdout","time":158.169352136,"data":"Setting up node-has-flag (4.0.0-2) ...\r\n"}
,{"stream_name":"stdout","time":158.221244435,"data":"Setting up unicode-data (14.0.0-1.1) ...\r\n"}
,{"stream_name":"stdout","time":158.270702019,"data":"Setting up node-lodash-packages (4.17.21+dfsg+~cs8.31.198.20210220-5) ...\r\n"}
,{"stream_name":"stdout","time":158.319940016,"data":"Setting up python3-beniget (0.4.1-2) ...\r\n"}
,{"stream_name":"stdout","time":158.613559795,"data":"Setting up libjs-psl (1.8.0+ds-6) ...\r\n"}
,{"stream_name":"stdout","time":158.660051375,"data":"Setting up node-asap (2.0.6+~2.0.0-1) ...\r\n"}
,{"stream_name":"stdout","time":158.705336261,"data":"Setting up node-inherits (2.0.4-4) ...\r\n"}
,{"stream_name":"stdout","time":158.757378702,"data":"Setting up node-path-is-absolute (2.0.0-2) ...\r\n"}
,{"stream_name":"stdout","time":158.806103903,"data":"Setting up libxsimd-dev:amd64 (7.6.0-2) ...\r\n"}
,{"stream_name":"stdout","time":158.852440575,"data":"Setting up node-universalify (2.0.0-3) ...\r\n"}
,{"stream_name":"stdout","time":158.955831482,"data":"Setting up node-ini (2.0.1-1) ...\r\n"}
,{"stream_name":"stdout","time":159.001307214,"data":"Setting up python3-decorator (4.4.2-0ubuntu1) ...\r\n"}
,{"stream_name":"stdout","time":159.290421231,"data":"Setting up node-safe-buffer (5.2.1+~cs2.1.2-2) ...\r\n"}
,{"stream_name":"stdout","time":159.336514701,"data":"Setting up node-promise-inflight (1.0.1+~1.0.0-1) ...\r\n"}
,{"stream_name":"stdout","time":159.388890664,"data":"Setting up python3-packaging (21.3-1) ...\r\n"}
,{"stream_name":"stdout","time":159.696814756,"data":"Setting up libxcb-xinerama0:amd64 (1.14-3ubuntu3) ...\r\n"}
,{"stream_name":"stdout","time":159.75272803,"data":"Setting up python3-chardet (4.0.0-1) ...\r\n"}
,{"stream_name":"stdout","time":160.256643315,"data":"Setting up node-json-parse-better-errors (1.0.2+~cs3.3.1-1) ...\r\n"}
,{"stream_name":"stdout","time":160.303046003,"data":"Setting up qttranslations5-l10n (5.15.3-1) ...\r\n"}
,{"stream_name":"stdout","time":160.349982111,"data":"Setting up node-sprintf-js (1.1.2+ds1+~1.1.2-1) ...\r\n"}
,{"stream_name":"stdout","time":160.403768161,"data":"Setting up node-tmatch (5.0.0-4) ...\r\n"}
,{"stream_name":"stdout","time":160.451773671,"data":"Setting up node-err-code (2.0.3+dfsg-3) ...\r\n"}
,{"stream_name":"stdout","time":160.51722855,"data":"Setting up node-balanced-match (2.0.0-1) ...\r\n"}
,{"stream_name":"stdout","time":160.563335621,"data":"Setting up node-brace-expansion (2.0.1-1) ...\r\n"}
,{"stream_name":"stdout","time":160.605984113,"data":"Setting up libnotify4:amd64 (0.7.9-3ubuntu5.22.04.1) ...\r\n"}
,{"stream_name":"stdout","time":160.650913877,"data":"Setting up python3-brotli (1.0.9-2build6) ...\r\n"}
,{"stream_name":"stdout","time":160.946430064,"data":"Setting up node-spdx-exceptions (2.3.0-2) ...\r\n"}
,{"stream_name":"stdout","time":160.998765549,"data":"Setting up libraqm0:amd64 (0.7.0-4ubuntu1) ...\r\n"}
,{"stream_name":"stdout","time":161.064530319,"data":"Setting up libboost-regex1.74.0:amd64 (1.74.0-14ubuntu3) ...\r\n"}
,{"stream_name":"stdout","time":161.157491718,"data":"Setting up python3-cycler (0.11.0-1) ...\r\n"}
,{"stream_name":"stdout","time":162.366149237,"data":"Setting up libimagequant0:amd64 (2.17.0-1) ...\r\n"}
,{"stream_name":"stdout","time":162.422160691,"data":"Setting up node-set-blocking (2.0.0-2) ...\r\n"}
,{"stream_name":"stdout","time":162.473486049,"data":"Setting up libxkbcommon-x11-0:amd64 (1.4.0-1) ...\r\n"}
,{"stream_name":"stdout","time":162.521640548,"data":"Setting up python3-kiwisolver (1.3.2-1build1) ...\r\n"}
,{"stream_name":"stdout","time":162.569280341,"data":"Setting up usb-modeswitch-data (20191128-4) ...\r\n"}
,{"stream_name":"stdout","time":162.614778962,"data":"Setting up udev (249.11-0ubuntu3.22) ...\r\n"}
,{"stream_name":"stdout","time":163.474589675,"data":"invoke-rc.d: could not determine current runlevel\r\n"}
,{"stream_name":"stdout","time":163.481622332,"data":"invoke-rc.d: policy-rc.d denied execution of start.\r\n"}
,{"stream_name":"stdout","time":163.534593668,"data":"Setting up node-npm-bundled (1.1.2-1) ...\r\n"}
,{"stream_name":"stdout","time":163.582494773,"data":"Setting up liborc-0.4-0:amd64 (1:0.4.32-2ubuntu0.1) ...\r\n"}
,{"stream_name":"stdout","time":163.642711039,"data":"Setting up libpython3.10-minimal:amd64 (3.10.12-1~22.04.18) ...\r\n"}
,{"stream_name":"stdout","time":163.709136049,"data":"Setting up fonts-dejavu-core (2.37-2build1) ...\r\n"}
,{"stream_name":"stdout","time":163.966071827,"data":"Setting up node-signal-exit (3.0.6+~3.0.1-1) ...\r\n"}
,{"stream_name":"stdout","time":164.026987163,"data":"Setting up libocct-modeling-data-7.5:amd64 (7.5.1+dfsg1-2ubuntu1) ...\r\n"}
,{"stream_name":"stdout","time":164.074339174,"data":"Setting up libqt5core5a:amd64 (5.15.3+dfsg-2ubuntu0.2) ...\r\n"}
,{"stream_name":"stdout","time":164.132641362,"data":"Setting up libraw20:amd64 (0.20.2-2ubuntu2.22.04.3) ...\r\n"}
,{"stream_name":"stdout","time":164.179368741,"data":"Setting up node-source-map (0.7.0++dfsg2+really.0.6.1-9) ...\r\n"}
,{"stream_name":"stdout","time":164.233116859,"data":"Setting up python3-html5lib (1.1-3) ...\r\n"}
,{"stream_name":"stdout","time":164.616385536,"data":"Setting up node-wrappy (1.0.2-2) ...\r\n"}
,{"stream_name":"stdout","time":164.662191723,"data":"Setting up libglew2.2:amd64 (2.2.0-4) ...\r\n"}
,{"stream_name":"stdout","time":164.733909143,"data":"Setting up node-text-table (0.2.0-4) ...\r\n"}
,{"stream_name":"stdout","time":164.780191339,"data":"Setting up node-asynckit (0.4.0-4) ...\r\n"}
,{"stream_name":"stdout","time":164.825708818,"data":"Setting up libmtdev1:amd64 (1.1.6-1build4) ...\r\n"}
,{"stream_name":"stdout","time":164.876820034,"data":"Setting up node-ip (1.1.5+~1.1.0-1) ...\r\n"}
,{"stream_name":"stdout","time":164.927644684,"data":"Setting up node-quick-lru (5.1.1-1) ...\r\n"}
,{"stream_name":"stdout","time":164.979560747,"data":"Setting up libsoup2.4-common (2.74.2-3ubuntu0.8) ...\r\n"}
,{"stream_name":"stdout","time":165.029637895,"data":"Setting up systemd-hwe-hwdb (249.11.6) ...\r\n"}
,{"stream_name":"stdout","time":165.523748255,"data":"Setting up libnotify-bin (0.7.9-3ubuntu5.22.04.1) ...\r\n"}
,{"stream_name":"stdout","time":165.57224091,"data":"Setting up libllvm14:amd64 (1:14.0.0-1ubuntu1.1) ...\r\n"}
,{"stream_name":"stdout","time":165.623820527,"data":"Setting up libatk1.0-data (2.36.0-3build1) ...\r\n"}
,{"stream_name":"stdout","time":165.669871887,"data":"Setting up node-mute-stream (0.0.8+~0.0.1-1) ...\r\n"}
,{"stream_name":"stdout","time":165.726133206,"data":"Setting up node-mimic-response (3.1.0-7) ...\r\n"}
,{"stream_name":"stdout","time":165.781880911,"data":"Setting up node-commander (9.0.0-2) ...\r\n"}
,{"stream_name":"stdout","time":165.831613882,"data":"Setting up node-whatwg-fetch (3.6.2-5) ...\r\n"}
,{"stream_name":"stdout","time":165.882249754,"data":"Setting up libjs-typedarray-to-buffer (4.0.0-2) ...\r\n"}
,{"stream_name":"stdout","time":165.93361478,"data":"Setting up libjs-highlight.js (9.18.5+dfsg1-1) ...\r\n"}
,{"stream_name":"stdout","time":165.990868877,"data":"Setting up libmm-glib0:amd64 (1.20.0-1~ubuntu22.04.4) ...\r\n"}
,{"stream_name":"stdout","time":166.036025432,"data":"Setting up python3-lxml:amd64 (4.8.0-1build1) ...\r\n"}
,{"stream_name":"stdout","time":166.369035476,"data":"Setting up libqt5dbus5:amd64 (5.15.3+dfsg-2ubuntu0.2) ...\r\n"}
,{"stream_name":"stdout","time":166.413313561,"data":"Setting up node-clean-yaml-object (0.1.0-5) ...\r\n"}
,{"stream_name":"stdout","time":166.4628041,"data":"Setting up libnl-genl-3-200:amd64 (3.5.0-0.1) ...\r\n"}
,{"stream_name":"stdout","time":166.513520591,"data":"Setting up libmd4c0:amd64 (0.4.8-1) ...\r\n"}
,{"stream_name":"stdout","time":166.557489281,"data":"Setting up node-ip-regex (4.3.0+~4.1.1-1) ...\r\n"}
,{"stream_name":"stdout","time":166.603530309,"data":"Setting up node-stealthy-require (1.1.1-5) ...\r\n"}
,{"stream_name":"stdout","time":166.649614581,"data":"Setting up python3-dateutil (2.8.1-6) ...\r\n"}
,{"stream_name":"stdout","time":166.989829807,"data":"Setting up node-spdx-license-ids (3.0.11-1) ...\r\n"}
,{"stream_name":"stdout","time":167.036733478,"data":"Setting up node-string-decoder (1.3.0-5) ...\r\n"}
,{"stream_name":"stdout","time":167.083146836,"data":"Setting up libavahi-glib1:amd64 (0.8-5ubuntu5.5) ...\r\n"}
,{"stream_name":"stdout","time":167.127993599,"data":"Setting up node-time-stamp (2.2.0-1) ...\r\n"}
,{"stream_name":"stdout","time":167.17473968,"data":"Setting up libjson-glib-1.0-common (1.6.6-1build1) ...\r\n"}
,{"stream_name":"stdout","time":167.233530762,"data":"Setting up libjs-events (3.3.0+~3.0.0-2) ...\r\n"}
,{"stream_name":"stdout","time":167.28506237,"data":"Setting up libatk1.0-0:amd64 (2.36.0-3build1) ...\r\n"}
,{"stream_name":"stdout","time":167.328661005,"data":"Setting up libglu1-mesa:amd64 (9.0.2-1) ...\r\n"}
,{"stream_name":"stdout","time":167.380792874,"data":"Setting up node-core-util-is (1.0.3-1) ...\r\n"}
,{"stream_name":"stdout","time":167.427555608,"data":"Setting up usb-modeswitch (2.6.1-3ubuntu2) ...\r\n"}
,{"stream_name":"stdout","time":167.500022124,"data":"Setting up node-minimatch (3.1.1+~3.0.5-1) ...\r\n"}
,{"stream_name":"stdout","time":167.547534864,"data":"Setting up glib-networking-common (2.72.0-1) ...\r\n"}
,{"stream_name":"stdout","time":167.594488204,"data":"Setting up libqt5sensors5:amd64 (5.15.3-1) ...\r\n"}
,{"stream_name":"stdout","time":167.641003486,"data":"Setting up python3-mpmath (1.2.1-2) ...\r\n"}
,{"stream_name":"stdout","time":168.29317048,"data":"Setting up node-imurmurhash (0.1.4+dfsg+~0.1.1-1) ...\r\n"}
,{"stream_name":"stdout","time":168.403291331,"data":"Setting up node-foreground-child (2.0.0-3) ...\r\n"}
,{"stream_name":"stdout","time":168.44912485,"data":"Setting up libdaemon0:amd64 (0.14-7.1ubuntu3) ...\r\n"}
,{"stream_name":"stdout","time":168.494823868,"data":"Setting up node-read (1.0.7-3) ...\r\n"}
,{"stream_name":"stdout","time":168.537750718,"data":"Setting up libavahi-core7:amd64 (0.8-5ubuntu5.5) ...\r\n"}
,{"stream_name":"stdout","time":168.589095952,"data":"Setting up python-matplotlib-data (3.5.1-2build1) ...\r\n"}
,{"stream_name":"stdout","time":168.645795115,"data":"Setting up libnss-mdns:amd64 (0.15.1-1ubuntu1) ...\r\n"}
,{"stream_name":"stdout","time":168.685273956,"data":"First installation detected...\r\n"}
,{"stream_name":"stdout","time":168.685336519,"data":"Checking NSS setup...\r\n"}
,{"stream_name":"stdout","time":168.703742607,"data":"Setting up python3-appdirs (1.4.4-2) ...\r\n"}
,{"stream_name":"stdout","time":168.992632898,"data":"Setting up libxcomposite1:amd64 (1:0.4.5-1build2) ...\r\n"}
,{"stream_name":"stdout","time":169.037771249,"data":"Setting up libevdev2:amd64 (1.12.1+dfsg-1) ...\r\n"}
,{"stream_name":"stdout","time":169.08538103,"data":"Setting up libqt5concurrent5:amd64 (5.15.3+dfsg-2ubuntu0.2) ...\r\n"}
,{"stream_name":"stdout","time":169.132517928,"data":"Setting up python3-soupsieve (2.3.1-1) ...\r\n"}
,{"stream_name":"stdout","time":169.433476313,"data":"Setting up libocct-modeling-algorithms-7.5:amd64 (7.5.1+dfsg1-2ubuntu1) ...\r\n"}
,{"stream_name":"stdout","time":169.489050544,"data":"Setting up node-is-buffer (2.0.5-2) ...\r\n"}
,{"stream_name":"stdout","time":169.538354454,"data":"Setting up libshiboken2-py3-5.15 (5.15.2-2build2) ...\r\n"}
,{"stream_name":"stdout","time":169.843996282,"data":"Setting up node-color-convert (2.0.1-1) ...\r\n"}
,{"stream_name":"stdout","time":169.896317246,"data":"Setting up libgudev-1.0-0:amd64 (1:237-2build1) ...\r\n"}
,{"stream_name":"stdout","time":169.943203228,"data":"Setting up node-webidl-conversions (7.0.0~1.1.0+~cs15.1.20180823-2) ...\r\n"}
,{"stream_name":"stdout","time":169.989310145,"data":"Setting up libmbim-glib4:amd64 (1.28.0-1~ubuntu20.04.2) ...\r\n"}
,{"stream_name":"stdout","time":170.045455934,"data":"Setting up libgtk-3-common (3.24.33-1ubuntu2.2) ...\r\n"}
,{"stream_name":"stdout","time":170.105052307,"data":"Setting up node-isarray (2.0.5-3) ...\r\n"}
,{"stream_name":"stdout","time":170.146679737,"data":"Setting up node-osenv (0.1.5+~0.1.0-1) ...\r\n"}
,{"stream_name":"stdout","time":170.192618006,"data":"Setting up node-is-plain-obj (3.0.0-2) ...\r\n"}
,{"stream_name":"stdout","time":170.240516223,"data":"Setting up libjs-underscore (1.13.2~dfsg-2) ...\r\n"}
,{"stream_name":"stdout","time":170.282621451,"data":"Setting up libboost-thread1.74.0:amd64 (1.74.0-14ubuntu3) ...\r\n"}
,{"stream_name":"stdout","time":170.32606895,"data":"Setting up libspnav0 (0.2.3-1) ...\r\n"}
,{"stream_name":"stdout","time":170.393413967,"data":"Setting up liblbfgsb0:amd64 (3.0+dfsg.3-10) ...\r\n"}
,{"stream_name":"stdout","time":170.439378883,"data":"Setting up libhdf5-openmpi-103-1:amd64 (1.10.7+repack-4ubuntu2) ...\r\n"}
,{"stream_name":"stdout","time":170.485200591,"data":"Setting up libjs-is-typedarray (1.0.0-4) ...\r\n"}
,{"stream_name":"stdout","time":170.527457842,"data":"Setting up node-lowercase-keys (2.0.0-2) ...\r\n"}
,{"stream_name":"stdout","time":170.57018757,"data":"Setting up libwacom-common (2.2.0-1) ...\r\n"}
,{"stream_name":"stdout","time":170.612656684,"data":"Setting up node-decompress-response (6.0.0-2) ...\r\n"}
,{"stream_name":"stdout","time":170.655618495,"data":"Setting up node-process-nextick-args (2.0.1-2) ...\r\n"}
,{"stream_name":"stdout","time":170.697662134,"data":"Setting up node-has-unicode (2.0.1-4) ...\r\n"}
,{"stream_name":"stdout","time":170.755661241,"data":"Setting up gyp (0.1+20210831gitd6c5dd5-5) ...\r\n"}
,{"stream_name":"stdout","time":171.25044506,"data":"Setting up calculix-ccx (2.17-3) ...\r\n"}
,{"stream_name":"stdout","time":171.293020797,"data":"Setting up gsettings-desktop-schemas (42.0-1ubuntu1) ...\r\n"}
,{"stream_name":"stdout","time":171.339344045,"data":"Setting up python3-sympy (1.9-1) ...\r\n"}
,{"stream_name":"stdout","time":180.071507408,"data":"Setting up glib-networking-services (2.72.0-1) ...\r\n"}
,{"stream_name":"stdout","time":180.120808941,"data":"Setting up node-readable-stream (3.6.0+~cs3.0.0-1) ...\r\n"}
,{"stream_name":"stdout","time":180.165888376,"data":"Setting up iio-sensor-proxy (3.3-0ubuntu6) ...\r\n"}
,{"stream_name":"stdout","time":180.240146083,"data":"Setting up systemd-sysv (249.11-0ubuntu3.22) ...\r\n"}
,{"stream_name":"stdout","time":180.288742324,"data":"Setting up node-lru-cache (6.0.0+~5.1.1-1) ...\r\n"}
,{"stream_name":"stdout","time":180.332607132,"data":"Setting up libfreeimage3:amd64 (3.18.0+ds2-6ubuntu5.1) ...\r\n"}
,{"stream_name":"stdout","time":180.380001372,"data":"Setting up node-promise-retry (2.0.1-2) ...\r\n"}
,{"stream_name":"stdout","time":180.425709633,"data":"Setting up node-supports-color (8.1.1+~8.1.1-1) ...\r\n"}
,{"stream_name":"stdout","time":180.475296224,"data":"Setting up libmedc11:amd64 (4.1.0+repack-3build1) ...\r\n"}
,{"stream_name":"stdout","time":180.521314009,"data":"Setting up node-once (1.4.0-4) ...\r\n"}
,{"stream_name":"stdout","time":180.566245532,"data":"Setting up libnode-dev (12.22.9~dfsg-1ubuntu3.6) ...\r\n"}
,{"stream_name":"stdout","time":180.612734028,"data":"Setting up libwacom9:amd64 (2.2.0-1) ...\r\n"}
,{"stream_name":"stdout","time":180.657707022,"data":"Setting up node-resolve (1.20.0+~cs5.27.9-1) ...\r\n"}
,{"stream_name":"stdout","time":180.701433802,"data":"Setting up libqt5positioning5:amd64 (5.15.3+dfsg-3) ...\r\n"}
,{"stream_name":"stdout","time":180.750977821,"data":"Setting up node-are-we-there-yet (3.0.0+~1.1.0-1) ...\r\n"}
,{"stream_name":"stdout","time":180.80024643,"data":"Setting up libclang1-14 (1:14.0.0-1ubuntu1.1) ...\r\n"}
,{"stream_name":"stdout","time":180.854394415,"data":"Setting up node-kind-of (6.0.3+dfsg-2) ...\r\n"}
,{"stream_name":"stdout","time":180.904754751,"data":"Setting up node-growl (1.10.5-4) ...\r\n"}
,{"stream_name":"stdout","time":180.953317894,"data":"Setting up libgstreamer-plugins-base1.0-0:amd64 (1.20.1-1ubuntu0.7) ...\r\n"}
,{"stream_name":"stdout","time":181.003280539,"data":"Setting up libmbim-proxy (1.28.0-1~ubuntu20.04.2) ...\r\n"}
,{"stream_name":"stdout","time":181.048964317,"data":"Setting up nodejs (12.22.9~dfsg-1ubuntu3.6) ...\r\n"}
,{"stream_name":"stdout","time":181.185518908,"data":"update-alternatives: using /usr/bin/nodejs to provide /usr/bin/js (js) in auto mode\r\n"}
,{"stream_name":"stdout","time":181.214492564,"data":"Setting up node-minimist (1.2.5+~cs5.3.2-1) ...\r\n"}
,{"stream_name":"stdout","time":181.263504205,"data":"Setting up python3.10-minimal (3.10.12-1~22.04.18) ...\r\n"}
,{"stream_name":"stdout","time":182.080413368,"data":"Setting up node-abab (2.0.5-2) ...\r\n"}
,{"stream_name":"stdout","time":182.134410257,"data":"Setting up node-argparse (2.0.1-2) ...\r\n"}
,{"stream_name":"stdout","time":182.179273917,"data":"Setting up node-fancy-log (1.3.3+~cs1.3.1-2) ...\r\n"}
,{"stream_name":"stdout","time":182.224352942,"data":"Setting up libqt5network5:amd64 (5.15.3+dfsg-2ubuntu0.2) ...\r\n"}
,{"stream_name":"stdout","time":182.27217382,"data":"Setting up python3-bs4 (4.10.0-2) ...\r\n"}
,{"stream_name":"stdout","time":182.610175513,"data":"Setting up libjson-glib-1.0-0:amd64 (1.6.6-1build1) ...\r\n"}
,{"stream_name":"stdout","time":182.661716987,"data":"Setting up node-clone (2.1.2-3) ...\r\n"}
,{"stream_name":"stdout","time":182.70574395,"data":"Setting up libinput-bin (1.20.0-1ubuntu0.4) ...\r\n"}
,{"stream_name":"stdout","time":182.754001239,"data":"Setting up python3-fs (2.4.12-1) ...\r\n"}
,{"stream_name":"stdout","time":183.134750273,"data":"Setting up node-promzard (0.3.0-2) ...\r\n"}
,{"stream_name":"stdout","time":183.181417976,"data":"Setting up libpython3.10-stdlib:amd64 (3.10.12-1~22.04.18) ...\r\n"}
,{"stream_name":"stdout","time":183.232803391,"data":"Setting up libvtk9.1:amd64 (9.1.0+really9.1.0+dfsg2-3build1+jammy1) ...\r\n"}
,{"stream_name":"stdout","time":183.281185463,"data":"Setting up wpasupplicant (2:2.10-6ubuntu2.4) ...\r\n"}
,{"stream_name":"stdout","time":183.650881547,"data":"Created symlink /etc/systemd/system/dbus-fi.w1.wpa_supplicant1.service → /lib/systemd/system/wpa_supplicant.service.\r\n"}
,{"stream_name":"stdout","time":183.650907536,"data":"Created symlink /etc/systemd/system/multi-user.target.wants/wpa_supplicant.service → /lib/systemd/system/wpa_supplicant.service.\r\n"}
,{"stream_name":"stdout","time":183.672479918,"data":"Setting up libatk-bridge2.0-0:amd64 (2.38.0-3) ...\r\n"}
,{"stream_name":"stdout","time":183.716306801,"data":"Setting up node-mime (3.0.0+dfsg+~cs3.96.1-1) ...\r\n"}
,{"stream_name":"stdout","time":183.771323123,"data":"Setting up python3-pil:amd64 (9.0.1-1ubuntu0.5) ...\r\n"}
,{"stream_name":"stdout","time":184.256232957,"data":"Setting up node-source-map-support (0.5.21+ds+~0.5.4-1) ...\r\n"}
,{"stream_name":"stdout","time":184.311398384,"data":"Setting up node-iconv-lite (0.6.3-2) ...\r\n"}
,{"stream_name":"stdout","time":184.361511327,"data":"Setting up libqt5xml5:amd64 (5.15.3+dfsg-2ubuntu0.2) ...\r\n"}
,{"stream_name":"stdout","time":184.414942098,"data":"Setting up gstreamer1.0-plugins-base:amd64 (1.20.1-1ubuntu0.7) ...\r\n"}
,{"stream_name":"stdout","time":184.467273474,"data":"Setting up node-combined-stream (1.0.8+~1.0.3-1) ...\r\n"}
,{"stream_name":"stdout","time":184.571618329,"data":"Setting up node-unique-filename (1.1.1+ds-1) ...\r\n"}
,{"stream_name":"stdout","time":184.627778732,"data":"Setting up node-ansi-styles (4.3.0+~4.2.0-1) ...\r\n"}
,{"stream_name":"stdout","time":184.678357867,"data":"Setting up node-mime-types (2.1.33-1) ...\r\n"}
,{"stream_name":"stdout","time":184.722635788,"data":"Setting up python3-pil.imagetk:amd64 (9.0.1-1ubuntu0.5) ...\r\n"}
,{"stream_name":"stdout","time":185.000197361,"data":"Setting up libqt5qml5:amd64 (5.15.3+dfsg-1) ...\r\n"}
,{"stream_name":"stdout","time":185.046449468,"data":"Setting up node-lcov-parse (1.0.0+20170612git80d039574ed9-5) ...\r\n"}
,{"stream_name":"stdout","time":185.093553456,"data":"Setting up node-cssom (0.4.4-3) ...\r\n"}
,{"stream_name":"stdout","time":185.143308004,"data":"Setting up node-form-data (3.0.1-1) ...\r\n"}
,{"stream_name":"stdout","time":185.205161808,"data":"Setting up node-strip-ansi (6.0.1-1) ...\r\n"}
,{"stream_name":"stdout","time":185.259475781,"data":"Setting up node-chalk (4.1.2-1) ...\r\n"}
,{"stream_name":"stdout","time":185.314484187,"data":"Setting up node-spdx-expression-parse (3.0.1+~3.0.1-1) ...\r\n"}
,{"stream_name":"stdout","time":185.362898531,"data":"Setting up libqt5webchannel5:amd64 (5.15.3-1) ...\r\n"}
,{"stream_name":"stdout","time":185.416534714,"data":"Setting up node-which (2.0.2+~cs1.3.2-2) ...\r\n"}
,{"stream_name":"stdout","time":185.468000421,"data":"Setting up libjs-sphinxdoc (4.3.2-1) ...\r\n"}
,{"stream_name":"stdout","time":185.523050214,"data":"Setting up nodejs-doc (12.22.9~dfsg-1ubuntu3.6) ...\r\n"}
,{"stream_name":"stdout","time":185.572102827,"data":"Setting up node-punycode (2.1.1-5) ...\r\n"}
,{"stream_name":"stdout","time":185.619490081,"data":"Setting up libwacom-bin (2.2.0-1) ...\r\n"}
,{"stream_name":"stdout","time":185.669538831,"data":"Setting up node-defaults (1.0.3+~1.0.3-1) ...\r\n"}
,{"stream_name":"stdout","time":185.719263416,"data":"Setting up node-is-typedarray (1.0.0-4) ...\r\n"}
,{"stream_name":"stdout","time":185.782596875,"data":"Setting up avahi-daemon (0.8-5ubuntu5.5) ...\r\n"}
,{"stream_name":"stdout","time":186.320445223,"data":"invoke-rc.d: could not determine current runlevel\r\n"}
,{"stream_name":"stdout","time":186.326444103,"data":"invoke-rc.d: policy-rc.d denied execution of force-reload.\r\n"}
,{"stream_name":"stdout","time":186.35446826,"data":"invoke-rc.d: could not determine current runlevel\r\n"}
,{"stream_name":"stdout","time":186.359724309,"data":"invoke-rc.d: policy-rc.d denied execution of start.\r\n"}
,{"stream_name":"stdout","time":186.517049785,"data":"Created symlink /etc/systemd/system/dbus-org.freedesktop.Avahi.service → /lib/systemd/system/avahi-daemon.service.\r\n"}
,{"stream_name":"stdout","time":186.517094518,"data":"Created symlink /etc/systemd/system/multi-user.target.wants/avahi-daemon.service → /lib/systemd/system/avahi-daemon.service.\r\n"}
,{"stream_name":"stdout","time":186.517103733,"data":"Created symlink /etc/systemd/system/sockets.target.wants/avahi-daemon.socket → /lib/systemd/system/avahi-daemon.socket.\r\n"}
,{"stream_name":"stdout","time":186.70227759,"data":"Setting up node-graceful-fs (4.2.4+repack-1) ...\r\n"}
,{"stream_name":"stdout","time":186.756290283,"data":"Setting up node-inflight (1.0.6-2) ...\r\n"}
,{"stream_name":"stdout","time":186.802454381,"data":"Setting up node-hosted-git-info (4.0.2-1) ...\r\n"}
,{"stream_name":"stdout","time":186.853125002,"data":"Setting up node-aproba (2.0.0-2) ...\r\n"}
,{"stream_name":"stdout","time":186.898098554,"data":"Setting up node-esprima (4.0.1+ds+~4.0.3-2) ...\r\n"}
,{"stream_name":"stdout","time":186.960335243,"data":"Setting up libpam-systemd:amd64 (249.11-0ubuntu3.22) ...\r\n"}
,{"stream_name":"stdout","time":187.234400334,"data":"Setting up node-mkdirp (1.0.4+~1.0.2-1) ...\r\n"}
,{"stream_name":"stdout","time":187.278392271,"data":"Setting up node-run-queue (2.0.0-2) ...\r\n"}
,{"stream_name":"stdout","time":187.322164682,"data":"Setting up libocct-visualization-7.5:amd64 (7.5.1+dfsg1-2ubuntu1) ...\r\n"}
,{"stream_name":"stdout","time":187.38644987200001,"data":"Setting up shiboken2 (5.15.2-2build2) ...\r\n"}
,{"stream_name":"stdout","time":187.430531547,"data":"Setting up node-opener (1.5.2+~1.4.0-1) ...\r\n"}
,{"stream_name":"stdout","time":187.477160625,"data":"Setting up node-archy (1.0.0-4) ...\r\n"}
,{"stream_name":"stdout","time":187.525836988,"data":"Setting up node-encoding (0.1.13-2) ...\r\n"}
,{"stream_name":"stdout","time":187.569947603,"data":"Setting up node-js-yaml (4.1.0+dfsg+~4.0.5-6) ...\r\n"}
,{"stream_name":"stdout","time":187.628381044,"data":"Setting up node-nopt (5.0.0-2) ...\r\n"}
,{"stream_name":"stdout","time":187.682107438,"data":"Setting up node-slice-ansi (5.0.0+~cs9.0.0-4) ...\r\n"}
,{"stream_name":"stdout","time":187.728884891,"data":"Setting up libocct-ocaf-7.5:amd64 (7.5.1+dfsg1-2ubuntu1) ...\r\n"}
,{"stream_name":"stdout","time":187.782653656,"data":"Setting up node-ms (2.1.3+~cs0.7.31-2) ...\r\n"}
,{"stream_name":"stdout","time":187.831029253,"data":"Setting up node-semver (7.3.5+~7.3.8-1) ...\r\n"}
,{"stream_name":"stdout","time":187.883582878,"data":"Setting up node-fs-write-stream-atomic (1.0.10-5) ...\r\n"}
,{"stream_name":"stdout","time":187.937966608,"data":"Setting up node-builtins (4.0.0-1) ...\r\n"}
,{"stream_name":"stdout","time":187.988546079,"data":"Setting up libinput10:amd64 (1.20.0-1ubuntu0.4) ...\r\n"}
,{"stream_name":"stdout","time":188.03703118,"data":"Setting up node-colors (1.4.0-3) ...\r\n"}
,{"stream_name":"stdout","time":188.093665132,"data":"Setting up node-log-driver (1.2.7+git+20180219+bba1761737-7) ...\r\n"}
,{"stream_name":"stdout","time":188.140281929,"data":"Setting up node-ssri (8.0.1-2) ...\r\n"}
,{"stream_name":"stdout","time":188.191647926,"data":"Setting up node-object-assign (4.1.1-6) ...\r\n"}
,{"stream_name":"stdout","time":188.23869035,"data":"Setting up libpython3.10:amd64 (3.10.12-1~22.04.18) ...\r\n"}
,{"stream_name":"stdout","time":188.300871644,"data":"Setting up libqt5qmlmodels5:amd64 (5.15.3+dfsg-1) ...\r\n"}
,{"stream_name":"stdout","time":188.345924511,"data":"Setting up node-end-of-stream (1.4.4+~1.4.1-1) ...\r\n"}
,{"stream_name":"stdout","time":188.38989854,"data":"Setting up python3.10 (3.10.12-1~22.04.18) ...\r\n"}
,{"stream_name":"stdout","time":189.35103725,"data":"Setting up node-pump (3.0.0-5) ...\r\n"}
,{"stream_name":"stdout","time":189.399783245,"data":"Setting up node-psl (1.8.0+ds-6) ...\r\n"}
,{"stream_name":"stdout","time":189.448679519,"data":"Setting up libqt5xmlpatterns5:amd64 (5.15.3-1) ...\r\n"}
,{"stream_name":"stdout","time":189.498891737,"data":"Setting up libqt5gui5:amd64 (5.15.3+dfsg-2ubuntu0.2) ...\r\n"}
,{"stream_name":"stdout","time":189.562442529,"data":"Setting up node-stack-utils (2.0.5+~2.0.1-1) ...\r\n"}
,{"stream_name":"stdout","time":189.609639856,"data":"Setting up node-json-buffer (3.0.1-1) ...\r\n"}
,{"stream_name":"stdout","time":189.659046013,"data":"Setting up libqmi-glib5:amd64 (1.32.0-1ubuntu0.22.04.1) ...\r\n"}
,{"stream_name":"stdout","time":189.706268539,"data":"Setting up node-console-control-strings (1.1.0-2) ...\r\n"}
,{"stream_name":"stdout","time":189.759508161,"data":"Setting up libqt5widgets5:amd64 (5.15.3+dfsg-2ubuntu0.2) ...\r\n"}
,{"stream_name":"stdout","time":189.807748006,"data":"Setting up node-debug (4.3.2+~cs4.1.7-1) ...\r\n"}
,{"stream_name":"stdout","time":189.854907464,"data":"Setting up node-events (3.3.0+~3.0.0-2) ...\r\n"}
,{"stream_name":"stdout","time":189.904281687,"data":"Setting up libpyside2-py3-5.15 (5.15.2-2build2) ...\r\n"}
,{"stream_name":"stdout","time":190.205363111,"data":"Setting up node-agent-base (6.0.2+~cs5.4.2-1) ...\r\n"}
,{"stream_name":"stdout","time":190.254858629,"data":"Setting up node-validate-npm-package-name (3.0.0-4) ...\r\n"}
,{"stream_name":"stdout","time":190.313937059,"data":"Setting up node-wcwidth.js (1.0.2-1) ...\r\n"}
,{"stream_name":"stdout","time":190.361029035,"data":"Setting up libqt5printsupport5:amd64 (5.15.3+dfsg-2ubuntu0.2) ...\r\n"}
,{"stream_name":"stdout","time":190.407212752,"data":"Setting up node-cssstyle (2.3.0-2) ...\r\n"}
,{"stream_name":"stdout","time":190.453649494,"data":"Setting up node-spdx-correct (3.1.1-2) ...\r\n"}
,{"stream_name":"stdout","time":190.509086745,"data":"Setting up node-glob (7.2.1+~cs7.6.15-1) ...\r\n"}
,{"stream_name":"stdout","time":190.556404826,"data":"Setting up python3-pyside2.qtcore (5.15.2-2build2) ...\r\n"}
,{"stream_name":"stdout","time":190.603889735,"data":"Setting up node-get-stream (6.0.1-1) ...\r\n"}
,{"stream_name":"stdout","time":190.648655077,"data":"Setting up node-got (11.8.3+~cs58.7.37-1) ...\r\n"}
,{"stream_name":"stdout","time":190.693389087,"data":"Setting up libpython3.10-dev:amd64 (3.10.12-1~22.04.18) ...\r\n"}
,{"stream_name":"stdout","time":190.737967954,"data":"Setting up python3-numpy (1:1.21.5-1ubuntu22.04.1) ...\r\n"}
,{"stream_name":"stdout","time":192.838309055,"data":"Setting up node-typedarray-to-buffer (4.0.0-2) ...\r\n"}
,{"stream_name":"stdout","time":192.8856434,"data":"Setting up node-tap-parser (7.0.0+ds1-6) ...\r\n"}
,{"stream_name":"stdout","time":192.9356627,"data":"Setting up python3.10-dev (3.10.12-1~22.04.18) ...\r\n"}
,{"stream_name":"stdout","time":192.986644536,"data":"Setting up libqt5opengl5:amd64 (5.15.3+dfsg-2ubuntu0.2) ...\r\n"}
,{"stream_name":"stdout","time":193.034414993,"data":"Setting up node-minipass (3.1.6+~cs8.7.18-1) ...\r\n"}
,{"stream_name":"stdout","time":193.078363368,"data":"Setting up libocct-data-exchange-7.5:amd64 (7.5.1+dfsg1-2ubuntu1) ...\r\n"}
,{"stream_name":"stdout","time":193.123884338,"data":"Setting up node-tough-cookie (4.0.0-2) ...\r\n"}
,{"stream_name":"stdout","time":193.173243882,"data":"Setting up libsoqt520 (1.6.0+ds1-3) ...\r\n"}
,{"stream_name":"stdout","time":193.28023084,"data":"Setting up node-npm-package-arg (8.1.5-1) ...\r\n"}
,{"stream_name":"stdout","time":193.326269089,"data":"Setting up libqt5quick5:amd64 (5.15.3+dfsg-1) ...\r\n"}
,{"stream_name":"stdout","time":193.372243579,"data":"Setting up node-https-proxy-agent (5.0.0+~cs8.0.0-3) ...\r\n"}
,{"stream_name":"stdout","time":193.417732919,"data":"Setting up node-rimraf (3.0.2-1) ...\r\n"}
,{"stream_name":"stdout","time":193.462488093,"data":"Setting up node-string-width (4.2.3+~cs13.2.3-1) ...\r\n"}
,{"stream_name":"stdout","time":193.511706524,"data":"Setting up node-validate-npm-package-license (3.0.4-2) ...\r\n"}
,{"stream_name":"stdout","time":193.573460758,"data":"Setting up node-write-file-atomic (3.0.3+~3.0.2-1) ...\r\n"}
,{"stream_name":"stdout","time":193.621950245,"data":"Setting up python3-pyside2.qtgui (5.15.2-2build2) ...\r\n"}
,{"stream_name":"stdout","time":193.669535822,"data":"Setting up node-columnify (1.5.4+~1.5.1-1) ...\r\n"}
,{"stream_name":"stdout","time":193.713544751,"data":"Setting up node-copy-concurrently (1.0.5-8) ...\r\n"}
,{"stream_name":"stdout","time":193.760802731,"data":"Setting up python3-pyside2.qtwidgets (5.15.2-2build2) ...\r\n"}
,{"stream_name":"stdout","time":193.810604561,"data":"Setting up libqt5svg5:amd64 (5.15.3-1) ...\r\n"}
,{"stream_name":"stdout","time":193.855652384,"data":"Setting up node-move-concurrently (1.0.1-4) ...\r\n"}
,{"stream_name":"stdout","time":193.903412606,"data":"Setting up libqmi-proxy (1.32.0-1ubuntu0.22.04.1) ...\r\n"}
,{"stream_name":"stdout","time":193.952828148,"data":"Setting up libqt5webkit5:amd64 (5.212.0~alpha4-15ubuntu1) ...\r\n"}
,{"stream_name":"stdout","time":194.003860558,"data":"Setting up python3-pyside2.qtxml (5.15.2-2build2) ...\r\n"}
,{"stream_name":"stdout","time":194.045783709,"data":"Setting up node-tap-mocha-reporter (3.0.7+ds-2) ...\r\n"}
,{"stream_name":"stdout","time":194.091429706,"data":"Setting up node-normalize-package-data (3.0.3+~2.4.1-1) ...\r\n"}
,{"stream_name":"stdout","time":194.138105507,"data":"Setting up node-ws (8.5.0+~cs13.3.3-2) ...\r\n"}
,{"stream_name":"stdout","time":194.183751097,"data":"Setting up python3-dev (3.10.6-1~22.04.1) ...\r\n"}
,{"stream_name":"stdout","time":194.247078238,"data":"Setting up node-cli-table (0.3.11+~cs0.13.3-1) ...\r\n"}
,{"stream_name":"stdout","time":194.290020654,"data":"Setting up node-jsdom (19.0.0+~cs90.11.27-1) ...\r\n"}
,{"stream_name":"stdout","time":194.332464142,"data":"Setting up node-tar (6.1.11+ds1+~cs6.0.6-1) ...\r\n"}
,{"stream_name":"stdout","time":194.376306346,"data":"Setting up python3-pythran (0.10.0+ds2-1) ...\r\n"}
,{"stream_name":"stdout","time":194.902725187,"data":"Setting up python3-pyside2.qtopengl (5.15.2-2build2) ...\r\n"}
,{"stream_name":"stdout","time":194.950344058,"data":"Setting up node-wide-align (1.1.3-4) ...\r\n"}
,{"stream_name":"stdout","time":195.013338722,"data":"Setting up modemmanager (1.20.0-1~ubuntu22.04.4) ...\r\n"}
,{"stream_name":"stdout","time":195.223652528,"data":"Created symlink /etc/systemd/system/dbus-org.freedesktop.ModemManager1.service → /lib/systemd/system/ModemManager.service.\r\n"}
,{"stream_name":"stdout","time":195.22368223,"data":"Created symlink /etc/systemd/system/multi-user.target.wants/ModemManager.service → /lib/systemd/system/ModemManager.service.\r\n"}
,{"stream_name":"stdout","time":195.24456038,"data":"Setting up node-tap (12.0.1+ds-4) ...\r\n"}
,{"stream_name":"stdout","time":195.290608626,"data":"Setting up python3-pyside2.qtuitools (5.15.2-2build2) ...\r\n"}
,{"stream_name":"stdout","time":195.349219813,"data":"Setting up node-cacache (15.0.5+~cs13.9.21-3) ...\r\n"}
,{"stream_name":"stdout","time":195.394868467,"data":"Setting up python3-scipy (1.8.0-1exp2ubuntu1) ...\r\n"}
,{"stream_name":"stdout","time":198.24857482,"data":"Setting up libfreecad-python3-0.19 (0.19.2+dfsg1-3ubuntu1+jammy0) ...\r\n"}
,{"stream_name":"stdout","time":198.295484999,"data":"Setting up python3-pyside2.qtsvg (5.15.2-2build2) ...\r\n"}
,{"stream_name":"stdout","time":198.343464729,"data":"Setting up python3-pivy (0.6.5-1ubuntu0.22.04.1) ...\r\n"}
,{"stream_name":"stdout","time":199.331668175,"data":"Setting up node-read-package-json (4.1.1-1) ...\r\n"}
,{"stream_name":"stdout","time":199.375267731,"data":"Setting up node-fetch (2.6.7+~2.5.12-1) ...\r\n"}
,{"stream_name":"stdout","time":199.424300986,"data":"Setting up node-gauge (4.0.2-1) ...\r\n"}
,{"stream_name":"stdout","time":199.470466881,"data":"Setting up node-npmlog (6.0.1+~4.1.4-1) ...\r\n"}
,{"stream_name":"stdout","time":199.516614558,"data":"Setting up node-coveralls (3.1.1-1) ...\r\n"}
,{"stream_name":"stdout","time":199.563094503,"data":"Setting up node-gyp (8.4.1-1) ...\r\n"}
,{"stream_name":"stdout","time":199.611374468,"data":"Setting up npm (8.5.1~ds-1) ...\r\n"}
,{"stream_name":"stdout","time":199.687423936,"data":"Setting up python3-fonttools (4.29.1-2build1) ...\r\n"}
,{"stream_name":"stdout","time":200.60975191,"data":"Setting up python3-ufolib2 (0.13.1+dfsg1-1) ...\r\n"}
,{"stream_name":"stdout","time":200.949738688,"data":"Setting up python3-matplotlib (3.5.1-2build1) ...\r\n"}
,{"stream_name":"stdout","time":202.482642202,"data":"Setting up freecad-python3 (0.19.2+dfsg1-3ubuntu1+jammy0) ...\r\n"}
,{"stream_name":"stdout","time":202.519912686,"data":"update-alternatives: using /usr/lib/freecad/bin/freecad-python3 to provide /usr/bin/freecad (freecad) in auto mode\r\n"}
,{"stream_name":"stdout","time":202.555612785,"data":"Setting up freecad (0.19.2+dfsg1-3ubuntu1+jammy0) ...\r\n"}
,{"stream_name":"stdout","time":202.6634459,"data":"Processing triggers for hicolor-icon-theme (0.17-2) ...\r\n"}
,{"stream_name":"stdout","time":203.051983832,"data":"Processing triggers for libglib2.0-0:amd64 (2.72.4-0ubuntu2.9) ...\r\n"}
,{"stream_name":"stdout","time":203.186250232,"data":"Setting up libgtk-3-0:amd64 (3.24.33-1ubuntu2.2) ...\r\n"}
,{"stream_name":"stdout","time":203.407522778,"data":"Processing triggers for libc-bin (2.35-0ubuntu3.13) ...\r\n"}
,{"stream_name":"stdout","time":203.784466984,"data":"/sbin/ldconfig.real: /usr/local/lib/libtbbbind_2_5.so.3 is not a symbolic link\r\n"}
,{"stream_name":"stdout","time":203.784508525,"data":"\r\n"}
,{"stream_name":"stdout","time":203.784516146,"data":"/sbin/ldconfig.real: /usr/local/lib/libur_adapter_level_zero.so.0 is not a symbolic link\r\n"}
,{"stream_name":"stdout","time":203.784522948,"data":"\r\n"}
,{"stream_name":"stdout","time":203.784528797,"data":"/sbin/ldconfig.real: /usr/local/lib/libtbbbind.so.3 is not a symbolic link\r\n"}
,{"stream_name":"stdout","time":203.78453532,"data":"\r\n"}
,{"stream_name":"stdout","time":203.784705552,"data":"/sbin/ldconfig.real: /usr/local/lib/libur_adapter_level_zero_v2.so.0 is not a symbolic link\r\n"}
,{"stream_name":"stdout","time":203.784718305,"data":"\r\n"}
,{"stream_name":"stdout","time":203.784724953,"data":"/sbin/ldconfig.real: /usr/local/lib/libtbbbind_2_0.so.3 is not a symbolic link\r\n"}
,{"stream_name":"stdout","time":203.78473171,"data":"\r\n"}
,{"stream_name":"stdout","time":203.784738138,"data":"/sbin/ldconfig.real: /usr/local/lib/libur_loader.so.0 is not a symbolic link\r\n"}
,{"stream_name":"stdout","time":203.784750164,"data":"\r\n"}
,{"stream_name":"stdout","time":203.784765991,"data":"/sbin/ldconfig.real: /usr/local/lib/libtbb.so.12 is not a symbolic link\r\n"}
,{"stream_name":"stdout","time":203.784771188,"data":"\r\n"}
,{"stream_name":"stdout","time":203.784776427,"data":"/sbin/ldconfig.real: /usr/local/lib/libumf.so.1 is not a symbolic link\r\n"}
,{"stream_name":"stdout","time":203.784782364,"data":"\r\n"}
,{"stream_name":"stdout","time":203.784788079,"data":"/sbin/ldconfig.real: /usr/local/lib/libtcm_debug.so.1 is not a symbolic link\r\n"}
,{"stream_name":"stdout","time":203.784794433,"data":"\r\n"}
,{"stream_name":"stdout","time":203.784799301,"data":"/sbin/ldconfig.real: /usr/local/lib/libur_adapter_opencl.so.0 is not a symbolic link\r\n"}
,{"stream_name":"stdout","time":203.784804752,"data":"\r\n"}
,{"stream_name":"stdout","time":203.784810482,"data":"/sbin/ldconfig.real: /usr/local/lib/libtbbmalloc_proxy.so.2 is not a symbolic link\r\n"}
,{"stream_name":"stdout","time":203.784940301,"data":"\r\n"}
,{"stream_name":"stdout","time":203.784951734,"data":"/sbin/ldconfig.real: /usr/local/lib/libtcm.so.1 is not a symbolic link\r\n"}
,{"stream_name":"stdout","time":203.784957931,"data":"\r\n"}
,{"stream_name":"stdout","time":203.784965589,"data":"/sbin/ldconfig.real: /usr/local/lib/libtbbmalloc.so.2 is not a symbolic link\r\n"}
,{"stream_name":"stdout","time":203.784972883,"data":"\r\n"}
,{"stream_name":"stdout","time":203.784978681,"data":"/sbin/ldconfig.real: /usr/local/lib/libhwloc.so.15 is not a symbolic link\r\n"}
,{"stream_name":"stdout","time":203.784984817,"data":"\r\n"}
,{"stream_name":"stdout","time":205.411614011,"data":"Setting up libgtk-3-bin (3.24.33-1ubuntu2.2) ...\r\n"}
,{"stream_name":"stdout","time":205.457312779,"data":"Processing triggers for man-db (2.10.2-1) ...\r\n"}
,{"stream_name":"stdout","time":206.573066008,"data":"Setting up qt5-gtk-platformtheme:amd64 (5.15.3+dfsg-2ubuntu0.2) ...\r\n"}
,{"stream_name":"stdout","time":206.624618102,"data":"Processing triggers for dbus (1.12.20-2ubuntu4.1) ...\r\n"}
,{"stream_name":"stdout","time":206.659991993,"data":"Processing triggers for shared-mime-info (2.1-2) ...\r\n"}
,{"stream_name":"stdout","time":214.815308969,"data":"Setting up at-spi2-core (2.44.0-3) ...\r\n"}
,{"stream_name":"stdout","time":214.934706823,"data":"Setting up glib-networking:amd64 (2.72.0-1) ...\r\n"}
,{"stream_name":"stdout","time":214.987665764,"data":"Processing triggers for mailcap (3.70+nmu1ubuntu1) ...\r\n"}
,{"stream_name":"stdout","time":215.05598131,"data":"Processing triggers for fontconfig (2.13.1-4.2ubuntu5) ...\r\n"}
,{"stream_name":"stdout","time":215.227922507,"data":"Setting up libsoup2.4-1:amd64 (2.74.2-3ubuntu0.8) ...\r\n"}
,{"stream_name":"stdout","time":215.289789285,"data":"Setting up geoclue-2.0 (2.5.7-3ubuntu3) ...\r\n"}
,{"stream_name":"stdout","time":215.703669258,"data":"Processing triggers for libc-bin (2.35-0ubuntu3.13) ...\r\n"}
,{"stream_name":"stdout","time":215.724494442,"data":"/sbin/ldconfig.real: /usr/local/lib/libtbbbind_2_5.so.3 is not a symbolic link\r\n"}
,{"stream_name":"stdout","time":215.724529416,"data":"\r\n"}
,{"stream_name":"stdout","time":215.724538319,"data":"/sbin/ldconfig.real: /usr/local/lib/libur_adapter_level_zero.so.0 is not a symbolic link\r\n"}
,{"stream_name":"stdout","time":215.724546382,"data":"\r\n"}
,{"stream_name":"stdout","time":215.724770196,"data":"/sbin/ldconfig.real: /usr/local/lib/libtbbbind.so.3 is not a symbolic link\r\n"}
,{"stream_name":"stdout","time":215.724793458,"data":"\r\n"}
,{"stream_name":"stdout","time":215.724800693,"data":"/sbin/ldconfig.real: /usr/local/lib/libur_adapter_level_zero_v2.so.0 is not a symbolic link\r\n"}
,{"stream_name":"stdout","time":215.724807244,"data":"\r\n"}
,{"stream_name":"stdout","time":215.724813195,"data":"/sbin/ldconfig.real: /usr/local/lib/libtbbbind_2_0.so.3 is not a symbolic link\r\n"}
,{"stream_name":"stdout","time":215.724818969,"data":"\r\n"}
,{"stream_name":"stdout","time":215.72489041,"data":"/sbin/ldconfig.real: /usr/local/lib/libur_loader.so.0 is not a symbolic link\r\n"}
,{"stream_name":"stdout","time":215.724900779,"data":"\r\n"}
,{"stream_name":"stdout","time":215.724906437,"data":"/sbin/ldconfig.real: /usr/local/lib/libtbb.so.12 is not a symbolic link\r\n"}
,{"stream_name":"stdout","time":215.724911977,"data":"\r\n"}
,{"stream_name":"stdout","time":215.724917228,"data":"/sbin/ldconfig.real: /usr/local/lib/libumf.so.1 is not a symbolic link\r\n"}
,{"stream_name":"stdout","time":215.724922666,"data":"\r\n"}
,{"stream_name":"stdout","time":215.724928661,"data":"/sbin/ldconfig.real: /usr/local/lib/libtcm_debug.so.1 is not a symbolic link\r\n"}
,{"stream_name":"stdout","time":215.724934821,"data":"\r\n"}
,{"stream_name":"stdout","time":215.724945256,"data":"/sbin/ldconfig.real: /usr/local/lib/libur_adapter_opencl.so.0 is not a symbolic link\r\n"}
,{"stream_name":"stdout","time":215.724951984,"data":"\r\n"}
,{"stream_name":"stdout","time":215.724957862,"data":"/sbin/ldconfig.real: /usr/local/lib/libtbbmalloc_proxy.so.2 is not a symbolic link\r\n"}
,{"stream_name":"stdout","time":215.724964019,"data":"\r\n"}
,{"stream_name":"stdout","time":215.724970365,"data":"/sbin/ldconfig.real: /usr/local/lib/libtcm.so.1 is not a symbolic link\r\n"}
,{"stream_name":"stdout","time":215.725007558,"data":"\r\n"}
,{"stream_name":"stdout","time":215.72505943,"data":"/sbin/ldconfig.real: /usr/local/lib/libtbbmalloc.so.2 is not a symbolic link\r\n"}
,{"stream_name":"stdout","time":215.725066413,"data":"\r\n"}
,{"stream_name":"stdout","time":215.725121273,"data":"/sbin/ldconfig.real: /usr/local/lib/libhwloc.so.15 is not a symbolic link\r\n"}
,{"stream_name":"stdout","time":215.725138372,"data":"\r\n"}
,{"stream_name":"stdout","time":215.806012274,"data":"Processing triggers for dbus (1.12.20-2ubuntu4.1) ...\r\n"}
,{"stream_name":"stdout","time":215.984680251,"data":"Running FreeCAD conversion to OBJ...\n"}
,{"stream_name":"stderr","time":258.4605144,"data":"\u003cImport\u003e ImportOCAF2.cpp(330): Part1.1.2.3.4.5.6 has empty shape\n"}
,{"stream_name":"stderr","time":258.460578265,"data":"\u003cImport\u003e ImportOCAF2.cpp(330): Part1.1.2.3.4.5.6 has empty shape\n"}
,{"stream_name":"stderr","time":258.47517735,"data":"\u003cImport\u003e ImportOCAF2.cpp(330): Part4 has empty shape\n"}
,{"stream_name":"stderr","time":258.4999845,"data":"Program received signal SIGSEGV, Segmentation fault.\n"}
,{"stream_name":"stdout","time":258.500010005,"data":"FreeCAD 0.19, Libs: 0.19R\n"}
,{"stream_name":"stdout","time":258.500064069,"data":"(c) Juergen Riegel, Werner Mayer, Yorik van Havre and others 2001-2021\n"}
,{"stream_name":"stdout","time":258.500072571,"data":"FreeCAD is free and open-source software licensed under the terms of LGPL2+ license.\n"}
,{"stream_name":"stdout","time":258.500079486,"data":"FreeCAD wouldn't be possible without FreeCAD community.\n"}
,{"stream_name":"stdout","time":258.50008534,"data":"  #####                 ####  ###   ####  \n"}
,{"stream_name":"stdout","time":258.500091363,"data":"  #                    #      # #   #   # \n"}
,{"stream_name":"stdout","time":258.500097698,"data":"  #     ##  #### ####  #     #   #  #   # \n"}
,{"stream_name":"stdout","time":258.500103896,"data":"  ####  # # #  # #  #  #     #####  #   # \n"}
,{"stream_name":"stdout","time":258.500109809,"data":"  #     #   #### ####  #    #     # #   # \n"}
,{"stream_name":"stdout","time":258.500115414,"data":"  #     #   #    #     #    #     # #   #  ##  ##  ##\n"}
,{"stream_name":"stdout","time":258.50012106,"data":"  #     #   #### ####   ### #     # ####   ##  ##  ##\n"}
,{"stream_name":"stdout","time":258.500127022,"data":"\n"}
,{"stream_name":"stdout","time":258.5001321,"data":"Importing......\n"}
,{"stream_name":"stdout","time":258.500137322,"data":"\u003cImport\u003e ImportOCAF2.cpp(541): free shape count 54\n"}
,{"stream_name":"stderr","time":258.535057859,"data":"Segmentation fault (core dumped)\n"}
,{"stream_name":"stdout","time":258.535362341,"data":"\t\t\t\t\t\t(1.0 %)\t\r\t\t\t\t\t\t(3.0 %)\t\r\t\t\t\t\t\t(5.0 %)\t\r\t\t\t\t\t\t(7.0 %)\t\r\t\t\t\t\t\t(9.0 %)\t\r\t\t\t\t\t\t(11.0 %)\t\r\t\t\t\t\t\t(12.0 %)\t\r\t\t\t\t\t\t(14.0 %)\t\r\t\t\t\t\t\t(16.0 %)\t\r\t\t\t\t\t\t(18.0 %)\t\r\t\t\t\t\t\t(20.0 %)\t\r\t\t\t\t\t\t(22.0 %)\t\r\t\t\t\t\t\t(24.0 %)\t\r\t\t\t\t\t\t(25.0 %)\t\r\t\t\t\t\t\t(27.0 %)\t\r\t\t\t\t\t\t(29.0 %)\t\r\t\t\t\t\t\t(31.0 %)\t\r\t\t\t\t\t\t(33.0 %)\t\r\t\t\t\t\t\t(35.0 %)\t\r\t\t\t\t\t\t(37.0 %)\t\r\t\t\t\t\t\t(38.0 %)\t\r\t\t\t\t\t\t(40.0 %)\t\r\t\t\t\t\t\t(42.0 %)\t\r\t\t\t\t\t\t(44.0 %)\t\r\t\t\t\t\t\t(46.0 %)\t\r\t\t\t\t\t\t(48.0 %)\t\r\t\t\t\t\t\t(50.0 %)\t\r\t\t\t\t\t\t(51.0 %)\t\r\t\t\t\t\t\t(53.0 %)\t\r\t\t\t\t\t\t(55.0 %)\t\r\t\t\t\t\t\t(57.0 %)\t\r\t\t\t\t\t\t(59.0 %)\t\r\t\t\t\t\t\t(61.0 %)\t\r\t\t\t\t\t\t(62.0 %)\t\r\t\t\t\t\t\t(64.0 %)\t\r\t\t\t\t\t\t(66.0 %)\t\r\t\t\t\t\t\t(68.0 %)\t\r\t\t\t\t\t\t(70.0 %)\t\r\t\t\t\t\t\t(72.0 %)\t\r\t\t\t\t\t\t(74.0 %)\t\r\t\t\t\t\t\t(75.0 %)\t\r\t\t\t\t\t\t(77.0 %)\t\r\t\t\t\t\t\t(79.0 %)\t\r\t\t\t\t\t\t(81.0 %)\t\r\t\t\t\t\t\t(83.0 %)\t\r\t\t\t\t\t\t(85.0 %)\t\r\t\t\t\t\t\t(87.0 %)\t\r\t\t\t\t\t\t(88.0 %)\t\r\t\t\t\t\t\t(90.0 %)\t\r\t\t\t\t\t\t(92.0 %)\t\r\t\t\t\t\t\t(94.0 %)\t\r\t\t\t\t\t\t(96.0 %)\t\r\t\t\t\t\t\t(98.0 %)\t\r\t\t\t\t\t\t(100.0 %)\t\r\t\t\t\t\t\t(101.0 %)\t\r\t\t\t\t\t\t\t\t\rFreeCAD conversion failed.\n"}
,{"stream_name":"stderr","time":261.72961949,"data":"/usr/local/lib/python3.12/dist-packages/mistune.py:435: SyntaxWarning: invalid escape sequence '\\|'\n"}
,{"stream_name":"stderr","time":261.729661658,"data":"  cells[i][c] = re.sub('\\\\\\\\\\|', '|', cell)\n"}
,{"stream_name":"stderr","time":262.230163482,"data":"/usr/local/lib/python3.12/dist-packages/nbconvert/filters/filter_links.py:36: SyntaxWarning: invalid escape sequence '\\_'\n"}
,{"stream_name":"stderr","time":262.230193233,"data":"  text = re.sub(r'_', '\\_', text) # Escape underscores in display text\n"}
,{"stream_name":"stderr","time":264.358198852,"data":"[NbConvertApp] Converting notebook __script__.ipynb to html\n"}
,{"stream_name":"stderr","time":266.17141955,"data":"[NbConvertApp] Writing 280309 bytes to __results__.html\n"}
]